Invoice,StockCode,Description,Quantity,InvoiceDate,Price,CustomerID,Country,Email,ExpiryWithinDays
540394,22086,PAPER CHAIN KIT 50'S CHRISTMAS,21,2011-01-03 13:39:00,2.8,10026,United Kingdom,customer_10026@example.com,
540394,84879,ASSORTED COLOUR BIRD ORNAMENT,25,2011-01-03 13:39:00,1.77,10026,United Kingdom,customer_10026@example.com,90
540395,22197,POPCORN HOLDER,7,2011-01-05 16:40:00,0.81,10026,United Kingdom,customer_10026@example.com,2
540395,22138,BAKING SET 9 PIECE RETROSPOT,48,2011-01-05 16:40:00,4.46,10026,United Kingdom,customer_10026@example.com,90
540396,82482,WOODEN PICTURE FRAME WHITE FINISH,14,2011-01-06 14:55:00,2.68,10026,United Kingdom,customer_10026@example.com,
540396,22666,RECIPE BOX PANTRY DESIGN,41,2011-01-06 14:55:00,2.95,10026,United Kingdom,customer_10026@example.com,
540396,21931,JUMBO STORAGE BAG SUKI,17,2011-01-06 14:55:00,2.29,10026,United Kingdom,customer_10026@example.com,
540396,21754,HOME BUILDING BLOCK WORD,44,2011-01-06 14:55:00,6.55,10026,United Kingdom,customer_10026@example.com,
540397,22383,LUNCH BAG SUKI DESIGN,11,2011-01-07 15:33:00,1.57,10026,United Kingdom,customer_10026@example.com,15
540397,21212,PACK OF 72 RETROSPOT CAKE CASES,32,2011-01-07 15:33:00,0.55,10026,United Kingdom,customer_10026@example.com,15
540397,84077,WORLD WAR 2 GLIDERS ASSTD DESIGNS,15,2011-01-07 15:33:00,0.29,10026,United Kingdom,customer_10026@example.com,
540397,21931,JUMBO STORAGE BAG SUKI,6,2011-01-07 15:33:00,2.08,10026,United Kingdom,customer_10026@example.com,
540397,21754,HOME BUILDING BLOCK WORD,25,2011-01-07 15:33:00,6.25,10026,United Kingdom,customer_10026@example.com,
540151,22699,ROSES REGENCY TEACUP AND SAUCER,46,2011-01-07 16:19:00,2.66,10009,United Kingdom,customer_10009@example.com,
540151,22960,JAM MAKING SET WITH JARS,25,2011-01-07 16:19:00,4.68,10009,United Kingdom,customer_10009@example.com,15
C540398,22383,Manual Return / Cancel LUNCH BAG SUKI DESIGN,-3,2011-01-07 21:33:00,1.65,10026,United Kingdom,customer_10026@example.com,
540399,21754,HOME BUILDING BLOCK WORD,44,2011-01-08 13:30:00,5.95,10026,United Kingdom,customer_10026@example.com,
540399,22697,GREEN REGENCY TEACUP AND SAUCER,33,2011-01-08 13:30:00,2.66,10026,United Kingdom,customer_10026@example.com,
540399,85123A,WHITE HANGING HEART T-LIGHT HOLDER,25,2011-01-08 13:30:00,2.68,10026,United Kingdom,customer_10026@example.com,25
540399,22178,VICTORIAN GLASS HANGING T-LIGHT,29,2011-01-08 13:30:00,1.38,10026,United Kingdom,customer_10026@example.com,-4
540399,84077,WORLD WAR 2 GLIDERS ASSTD DESIGNS,6,2011-01-08 13:30:00,0.28,10026,United Kingdom,customer_10026@example.com,
540425,20728,LUNCH BAG CARS BLUE,19,2011-01-08 14:56:00,1.81,10030,United Kingdom,customer_10030@example.com,15
540425,21034,REX CASH+CARRY JUMBO SHOPPER,26,2011-01-08 14:56:00,0.85,10030,United Kingdom,customer_10030@example.com,
540425,22383,LUNCH BAG SUKI DESIGN,17,2011-01-08 14:56:00,1.73,10030,United Kingdom,customer_10030@example.com,15
540425,20727,LUNCH BAG BLACK SKULL.,31,2011-01-08 14:56:00,1.81,10030,United Kingdom,customer_10030@example.com,15
540425,84879,ASSORTED COLOUR BIRD ORNAMENT,42,2011-01-08 14:56:00,1.77,10030,United Kingdom,customer_10030@example.com,90
540358,21754,HOME BUILDING BLOCK WORD,11,2011-01-09 09:57:00,5.95,10022,United Kingdom,customer_10022@example.com,
540358,22197,POPCORN HOLDER,39,2011-01-09 09:57:00,0.81,10022,United Kingdom,customer_10022@example.com,2
540358,20728,LUNCH BAG CARS BLUE,48,2011-01-09 09:57:00,1.48,10022,United Kingdom,customer_10022@example.com,15
540358,47566,PARTY BUNTING,46,2011-01-09 09:57:00,5.45,10022,United Kingdom,customer_10022@example.com,
540358,22423,REGENCY CAKESTAND 3 TIER,44,2011-01-09 09:57:00,13.39,10022,United Kingdom,customer_10022@example.com,
540055,82482,WOODEN PICTURE FRAME WHITE FINISH,26,2011-01-09 10:54:00,2.68,10004,United Kingdom,customer_10004@example.com,
540055,21931,JUMBO STORAGE BAG SUKI,45,2011-01-09 10:54:00,1.87,10004,United Kingdom,customer_10004@example.com,
540055,22699,ROSES REGENCY TEACUP AND SAUCER,40,2011-01-09 10:54:00,3.1,10004,United Kingdom,customer_10004@example.com,
540359,22961,JAM MAKING SET PRINTED,22,2011-01-10 16:55:00,1.59,10022,United Kingdom,customer_10022@example.com,-4
540359,47566,PARTY BUNTING,15,2011-01-10 16:55:00,5.45,10022,United Kingdom,customer_10022@example.com,
540359,20727,LUNCH BAG BLACK SKULL.,17,2011-01-10 16:55:00,1.81,10022,United Kingdom,customer_10022@example.com,15
540359,21733,RED HANGING HEART T-LIGHT HOLDER,48,2011-01-10 16:55:00,3.25,10022,United Kingdom,customer_10022@example.com,90
540419,22698,PINK REGENCY TEACUP AND SAUCER,40,2011-01-11 09:52:00,2.8,10029,Germany,customer_10029@example.com,
540419,22423,REGENCY CAKESTAND 3 TIER,12,2011-01-11 09:52:00,11.47,10029,Germany,customer_10029@example.com,
540419,22138,BAKING SET 9 PIECE RETROSPOT,39,2011-01-11 09:52:00,4.7,10029,Germany,customer_10029@example.com,90
540419,20728,LUNCH BAG CARS BLUE,10,2011-01-11 09:52:00,1.65,10029,Germany,customer_10029@example.com,15
540419,84879,ASSORTED COLOUR BIRD ORNAMENT,18,2011-01-11 09:52:00,1.77,10029,Germany,customer_10029@example.com,90
540327,20727,LUNCH BAG BLACK SKULL.,24,2011-01-11 10:39:00,1.81,10019,United Kingdom,customer_10019@example.com,15
540327,82482,WOODEN PICTURE FRAME WHITE FINISH,21,2011-01-11 10:39:00,2.68,10019,United Kingdom,customer_10019@example.com,
540327,22698,PINK REGENCY TEACUP AND SAUCER,30,2011-01-11 10:39:00,2.66,10019,United Kingdom,customer_10019@example.com,
540327,21931,JUMBO STORAGE BAG SUKI,41,2011-01-11 10:39:00,2.08,10019,United Kingdom,customer_10019@example.com,
540327,22086,PAPER CHAIN KIT 50'S CHRISTMAS,32,2011-01-11 10:39:00,3.1,10019,United Kingdom,customer_10019@example.com,
540316,20727,LUNCH BAG BLACK SKULL.,11,2011-01-11 12:21:00,1.57,10018,France,customer_10018@example.com,15
540316,22138,BAKING SET 9 PIECE RETROSPOT,31,2011-01-11 12:21:00,5.2,10018,France,customer_10018@example.com,90
540316,22423,REGENCY CAKESTAND 3 TIER,47,2011-01-11 12:21:00,14.03,10018,France,customer_10018@example.com,
540696,21733,RED HANGING HEART T-LIGHT HOLDER,1,2011-01-12 16:11:00,3.1,10094,United Kingdom,customer_10094@example.com,90
540405,20728,LUNCH BAG CARS BLUE,36,2011-01-13 10:53:00,1.81,10027,United Kingdom,customer_10027@example.com,15
540405,22423,REGENCY CAKESTAND 3 TIER,10,2011-01-13 10:53:00,13.39,10027,United Kingdom,customer_10027@example.com,
540228,21754,HOME BUILDING BLOCK WORD,43,2011-01-13 13:05:00,6.25,10013,United Kingdom,customer_10013@example.com,
540228,84879,ASSORTED COLOUR BIRD ORNAMENT,15,2011-01-13 13:05:00,1.61,10013,United Kingdom,customer_10013@example.com,90
540228,22138,BAKING SET 9 PIECE RETROSPOT,26,2011-01-13 13:05:00,5.45,10013,United Kingdom,customer_10013@example.com,90
540249,22960,JAM MAKING SET WITH JARS,36,2011-01-13 17:50:00,4.25,10014,United Kingdom,customer_10014@example.com,15
540229,22423,REGENCY CAKESTAND 3 TIER,9,2011-01-14 10:19:00,14.03,10013,United Kingdom,customer_10013@example.com,
540229,20727,LUNCH BAG BLACK SKULL.,45,2011-01-14 10:19:00,1.73,10013,United Kingdom,customer_10013@example.com,15
540229,82482,WOODEN PICTURE FRAME WHITE FINISH,13,2011-01-14 10:19:00,2.68,10013,United Kingdom,customer_10013@example.com,
540229,22698,PINK REGENCY TEACUP AND SAUCER,11,2011-01-14 10:19:00,2.8,10013,United Kingdom,customer_10013@example.com,
540328,22666,RECIPE BOX PANTRY DESIGN,18,2011-01-14 13:12:00,2.8,10019,United Kingdom,customer_10019@example.com,
540328,21733,RED HANGING HEART T-LIGHT HOLDER,34,2011-01-14 13:12:00,2.95,10019,United Kingdom,customer_10019@example.com,90
540328,22178,VICTORIAN GLASS HANGING T-LIGHT,44,2011-01-14 13:12:00,1.38,10019,United Kingdom,customer_10019@example.com,-4
540328,20727,LUNCH BAG BLACK SKULL.,10,2011-01-14 13:12:00,1.57,10019,United Kingdom,customer_10019@example.com,15
540328,82482,WOODEN PICTURE FRAME WHITE FINISH,43,2011-01-14 13:12:00,2.55,10019,United Kingdom,customer_10019@example.com,
540307,21034,REX CASH+CARRY JUMBO SHOPPER,37,2011-01-15 10:18:00,0.85,10017,United Kingdom,customer_10017@example.com,
540274,21034,REX CASH+CARRY JUMBO SHOPPER,40,2011-01-15 10:36:00,0.95,10015,United Kingdom,customer_10015@example.com,
540697,22698,PINK REGENCY TEACUP AND SAUCER,10,2011-01-15 13:20:00,3.1,10094,United Kingdom,customer_10094@example.com,
540697,22666,RECIPE BOX PANTRY DESIGN,6,2011-01-15 13:20:00,2.95,10094,United Kingdom,customer_10094@example.com,
540697,22178,VICTORIAN GLASS HANGING T-LIGHT,4,2011-01-15 13:20:00,1.19,10094,United Kingdom,customer_10094@example.com,-4
540297,47566,PARTY BUNTING,11,2011-01-15 16:17:00,5.2,10016,United Kingdom,customer_10016@example.com,
540297,22178,VICTORIAN GLASS HANGING T-LIGHT,16,2011-01-15 16:17:00,1.38,10016,United Kingdom,customer_10016@example.com,-4
540678,21931,JUMBO STORAGE BAG SUKI,1,2011-01-15 16:48:00,2.18,10084,Germany,customer_10084@example.com,
540426,21034,REX CASH+CARRY JUMBO SHOPPER,28,2011-01-16 10:38:00,0.95,10030,United Kingdom,customer_10030@example.com,
540426,22423,REGENCY CAKESTAND 3 TIER,30,2011-01-16 10:38:00,14.03,10030,United Kingdom,customer_10030@example.com,
540426,22698,PINK REGENCY TEACUP AND SAUCER,9,2011-01-16 10:38:00,2.66,10030,United Kingdom,customer_10030@example.com,
540361,47566,PARTY BUNTING,45,2011-01-16 11:38:00,5.2,10022,United Kingdom,customer_10022@example.com,
540360,20727,LUNCH BAG BLACK SKULL.,38,2011-01-16 14:59:00,1.81,10022,United Kingdom,customer_10022@example.com,15
540360,84879,ASSORTED COLOUR BIRD ORNAMENT,18,2011-01-16 14:59:00,1.52,10022,United Kingdom,customer_10022@example.com,90
540360,22411,JUMBO SHOPPER VINTAGE RED PAISLEY,30,2011-01-16 14:59:00,2.18,10022,United Kingdom,customer_10022@example.com,
540360,22386,JUMBO BAG PINK POLKADOT,12,2011-01-16 14:59:00,1.98,10022,United Kingdom,customer_10022@example.com,
540317,84077,WORLD WAR 2 GLIDERS ASSTD DESIGNS,6,2011-01-16 16:05:00,0.32,10018,France,customer_10018@example.com,
540317,20725,LUNCH BAG RED RETROSPOT,41,2011-01-16 16:05:00,1.48,10018,France,customer_10018@example.com,90
540317,22720,SET OF 3 CAKE TINS PANTRY DESIGN,32,2011-01-16 16:05:00,5.2,10018,France,customer_10018@example.com,
540317,22666,RECIPE BOX PANTRY DESIGN,12,2011-01-16 16:05:00,2.66,10018,France,customer_10018@example.com,
540298,22960,JAM MAKING SET WITH JARS,40,2011-01-18 15:40:00,3.83,10016,United Kingdom,customer_10016@example.com,15
540298,84077,WORLD WAR 2 GLIDERS ASSTD DESIGNS,26,2011-01-18 15:40:00,0.26,10016,United Kingdom,customer_10016@example.com,
540298,85123A,WHITE HANGING HEART T-LIGHT HOLDER,18,2011-01-18 15:40:00,2.81,10016,United Kingdom,customer_10016@example.com,25
540298,22961,JAM MAKING SET PRINTED,29,2011-01-18 15:40:00,1.38,10016,United Kingdom,customer_10016@example.com,-4
540112,22722,SET OF 6 SPICE TINS PANTRY DESIGN,37,2011-01-18 15:47:00,4.15,10007,United Kingdom,customer_10007@example.com,45
540112,22960,JAM MAKING SET WITH JARS,39,2011-01-18 15:47:00,4.25,10007,United Kingdom,customer_10007@example.com,15
540112,47566,PARTY BUNTING,11,2011-01-18 15:47:00,5.2,10007,United Kingdom,customer_10007@example.com,
540112,22720,SET OF 3 CAKE TINS PANTRY DESIGN,11,2011-01-18 15:47:00,4.95,10007,United Kingdom,customer_10007@example.com,
540362,84879,ASSORTED COLOUR BIRD ORNAMENT,48,2011-01-18 17:32:00,1.77,10022,United Kingdom,customer_10022@example.com,90
C540299,22960,Manual Return / Cancel JAM MAKING SET WITH JARS,-2,2011-01-18 17:40:00,4.25,10016,United Kingdom,customer_10016@example.com,
540308,21733,RED HANGING HEART T-LIGHT HOLDER,32,2011-01-19 12:49:00,2.95,10017,United Kingdom,customer_10017@example.com,90
540308,22138,BAKING SET 9 PIECE RETROSPOT,16,2011-01-19 12:49:00,4.95,10017,United Kingdom,customer_10017@example.com,90
540308,85099B,JUMBO BAG RED RETROSPOT,41,2011-01-19 12:49:00,1.87,10017,United Kingdom,customer_10017@example.com,
540318,21931,JUMBO STORAGE BAG SUKI,29,2011-01-19 13:56:00,2.08,10018,France,customer_10018@example.com,
540318,85099B,JUMBO BAG RED RETROSPOT,20,2011-01-19 13:56:00,1.87,10018,France,customer_10018@example.com,
540318,22086,PAPER CHAIN KIT 50'S CHRISTMAS,27,2011-01-19 13:56:00,3.1,10018,France,customer_10018@example.com,
540318,22666,RECIPE BOX PANTRY DESIGN,36,2011-01-19 13:56:00,3.25,10018,France,customer_10018@example.com,
540318,22699,ROSES REGENCY TEACUP AND SAUCER,45,2011-01-19 13:56:00,3.25,10018,France,customer_10018@example.com,
540591,82482,WOODEN PICTURE FRAME WHITE FINISH,4,2011-01-19 14:19:00,2.29,10060,United Kingdom,customer_10060@example.com,
540591,21931,JUMBO STORAGE BAG SUKI,12,2011-01-19 14:19:00,2.18,10060,United Kingdom,customer_10060@example.com,
540663,85099B,JUMBO BAG RED RETROSPOT,6,2011-01-19 14:51:00,2.18,10078,United Kingdom,customer_10078@example.com,
540663,84879,ASSORTED COLOUR BIRD ORNAMENT,7,2011-01-19 14:51:00,1.61,10078,United Kingdom,customer_10078@example.com,90
540164,20727,LUNCH BAG BLACK SKULL.,9,2011-01-19 17:30:00,1.73,10010,United Kingdom,customer_10010@example.com,15
540164,82482,WOODEN PICTURE FRAME WHITE FINISH,15,2011-01-19 17:30:00,2.55,10010,United Kingdom,customer_10010@example.com,
540001,22423,REGENCY CAKESTAND 3 TIER,15,2011-01-20 10:04:00,14.03,10001,United Kingdom,customer_10001@example.com,
540001,21931,JUMBO STORAGE BAG SUKI,43,2011-01-20 10:04:00,2.08,10001,United Kingdom,customer_10001@example.com,
540187,22698,PINK REGENCY TEACUP AND SAUCER,18,2011-01-20 10:23:00,3.25,10011,United Kingdom,customer_10011@example.com,
540187,20727,LUNCH BAG BLACK SKULL.,44,2011-01-20 10:23:00,1.73,10011,United Kingdom,customer_10011@example.com,15
540187,22086,PAPER CHAIN KIT 50'S CHRISTMAS,12,2011-01-20 10:23:00,3.1,10011,United Kingdom,customer_10011@example.com,
540230,22697,GREEN REGENCY TEACUP AND SAUCER,6,2011-01-20 11:07:00,2.8,10013,United Kingdom,customer_10013@example.com,
540300,20725,LUNCH BAG RED RETROSPOT,10,2011-01-20 12:44:00,1.57,10016,United Kingdom,customer_10016@example.com,90
540300,22383,LUNCH BAG SUKI DESIGN,38,2011-01-20 12:44:00,1.73,10016,United Kingdom,customer_10016@example.com,15
540300,22197,POPCORN HOLDER,25,2011-01-20 12:44:00,0.94,10016,United Kingdom,customer_10016@example.com,2
540152,22698,PINK REGENCY TEACUP AND SAUCER,11,2011-01-20 13:23:00,3.25,10009,United Kingdom,customer_10009@example.com,
540152,22666,RECIPE BOX PANTRY DESIGN,21,2011-01-20 13:23:00,2.8,10009,United Kingdom,customer_10009@example.com,
540152,22197,POPCORN HOLDER,41,2011-01-20 13:23:00,0.89,10009,United Kingdom,customer_10009@example.com,2
540152,20727,LUNCH BAG BLACK SKULL.,29,2011-01-20 13:23:00,1.81,10009,United Kingdom,customer_10009@example.com,15
540152,84077,WORLD WAR 2 GLIDERS ASSTD DESIGNS,40,2011-01-20 13:23:00,0.3,10009,United Kingdom,customer_10009@example.com,
540031,20725,LUNCH BAG RED RETROSPOT,36,2011-01-20 14:22:00,1.57,10003,France,customer_10003@example.com,90
540031,22383,LUNCH BAG SUKI DESIGN,40,2011-01-20 14:22:00,1.48,10003,France,customer_10003@example.com,15
540031,20727,LUNCH BAG BLACK SKULL.,18,2011-01-20 14:22:00,1.57,10003,France,customer_10003@example.com,15
540031,20728,LUNCH BAG CARS BLUE,26,2011-01-20 14:22:00,1.57,10003,France,customer_10003@example.com,15
540699,22698,PINK REGENCY TEACUP AND SAUCER,10,2011-01-20 15:55:00,2.95,10095,United Kingdom,customer_10095@example.com,
540699,22411,JUMBO SHOPPER VINTAGE RED PAISLEY,6,2011-01-20 15:55:00,2.29,10095,United Kingdom,customer_10095@example.com,
540699,84077,WORLD WAR 2 GLIDERS ASSTD DESIGNS,5,2011-01-20 15:55:00,0.3,10095,United Kingdom,customer_10095@example.com,
540250,20728,LUNCH BAG CARS BLUE,36,2011-01-20 16:22:00,1.48,10014,United Kingdom,customer_10014@example.com,15
540250,22138,BAKING SET 9 PIECE RETROSPOT,26,2011-01-20 16:22:00,4.46,10014,United Kingdom,customer_10014@example.com,90
540250,22720,SET OF 3 CAKE TINS PANTRY DESIGN,20,2011-01-20 16:22:00,5.45,10014,United Kingdom,customer_10014@example.com,
540250,47566,PARTY BUNTING,28,2011-01-20 16:22:00,5.45,10014,United Kingdom,customer_10014@example.com,
540250,22960,JAM MAKING SET WITH JARS,23,2011-01-20 16:22:00,3.83,10014,United Kingdom,customer_10014@example.com,15
540679,22423,REGENCY CAKESTAND 3 TIER,5,2011-01-21 09:14:00,13.39,10084,Germany,customer_10084@example.com,
540113,84879,ASSORTED COLOUR BIRD ORNAMENT,44,2011-01-21 11:34:00,1.77,10007,United Kingdom,customer_10007@example.com,90
540113,20725,LUNCH BAG RED RETROSPOT,25,2011-01-21 11:34:00,1.65,10007,United Kingdom,customer_10007@example.com,90
540113,22720,SET OF 3 CAKE TINS PANTRY DESIGN,48,2011-01-21 11:34:00,4.95,10007,United Kingdom,customer_10007@example.com,
540427,82482,WOODEN PICTURE FRAME WHITE FINISH,47,2011-01-21 15:26:00,2.42,10030,United Kingdom,customer_10030@example.com,
540002,21034,REX CASH+CARRY JUMBO SHOPPER,28,2011-01-22 09:19:00,0.85,10001,United Kingdom,customer_10001@example.com,
540002,21754,HOME BUILDING BLOCK WORD,21,2011-01-22 09:19:00,5.65,10001,United Kingdom,customer_10001@example.com,
540002,22722,SET OF 6 SPICE TINS PANTRY DESIGN,28,2011-01-22 09:19:00,3.56,10001,United Kingdom,customer_10001@example.com,45
540664,21754,HOME BUILDING BLOCK WORD,11,2011-01-22 12:01:00,6.55,10078,United Kingdom,customer_10078@example.com,
540129,22383,LUNCH BAG SUKI DESIGN,44,2011-01-22 14:03:00,1.73,10008,United Kingdom,customer_10008@example.com,15
540165,22197,POPCORN HOLDER,47,2011-01-22 15:35:00,0.85,10010,United Kingdom,customer_10010@example.com,2
540165,22960,JAM MAKING SET WITH JARS,34,2011-01-22 15:35:00,3.83,10010,United Kingdom,customer_10010@example.com,15
540165,20727,LUNCH BAG BLACK SKULL.,11,2011-01-22 15:35:00,1.65,10010,United Kingdom,customer_10010@example.com,15
540165,20728,LUNCH BAG CARS BLUE,18,2011-01-22 15:35:00,1.81,10010,United Kingdom,customer_10010@example.com,15
540165,85099B,JUMBO BAG RED RETROSPOT,23,2011-01-22 15:35:00,1.87,10010,United Kingdom,customer_10010@example.com,
540434,22698,PINK REGENCY TEACUP AND SAUCER,9,2011-01-22 16:01:00,2.8,10031,United Kingdom,customer_10031@example.com,
540434,85099B,JUMBO BAG RED RETROSPOT,4,2011-01-22 16:01:00,2.29,10031,United Kingdom,customer_10031@example.com,
540428,22720,SET OF 3 CAKE TINS PANTRY DESIGN,9,2011-01-23 09:40:00,4.7,10030,United Kingdom,customer_10030@example.com,
540428,22138,BAKING SET 9 PIECE RETROSPOT,20,2011-01-23 09:40:00,5.45,10030,United Kingdom,customer_10030@example.com,90
540428,22383,LUNCH BAG SUKI DESIGN,26,2011-01-23 09:40:00,1.57,10030,United Kingdom,customer_10030@example.com,15
540428,22423,REGENCY CAKESTAND 3 TIER,42,2011-01-23 09:40:00,14.03,10030,United Kingdom,customer_10030@example.com,
540429,22386,JUMBO BAG PINK POLKADOT,31,2011-01-23 15:28:00,2.08,10030,United Kingdom,customer_10030@example.com,
540429,22138,BAKING SET 9 PIECE RETROSPOT,14,2011-01-23 15:28:00,4.7,10030,United Kingdom,customer_10030@example.com,90
540429,84879,ASSORTED COLOUR BIRD ORNAMENT,11,2011-01-23 15:28:00,1.69,10030,United Kingdom,customer_10030@example.com,90
540429,20727,LUNCH BAG BLACK SKULL.,42,2011-01-23 15:28:00,1.73,10030,United Kingdom,customer_10030@example.com,15
540429,22961,JAM MAKING SET PRINTED,41,2011-01-23 15:28:00,1.3,10030,United Kingdom,customer_10030@example.com,-4
540363,22722,SET OF 6 SPICE TINS PANTRY DESIGN,39,2011-01-23 17:52:00,4.15,10022,United Kingdom,customer_10022@example.com,45
540340,22411,JUMBO SHOPPER VINTAGE RED PAISLEY,30,2011-01-24 10:18:00,2.18,10020,United Kingdom,customer_10020@example.com,
540340,84879,ASSORTED COLOUR BIRD ORNAMENT,48,2011-01-24 10:18:00,1.77,10020,United Kingdom,customer_10020@example.com,90
540340,22383,LUNCH BAG SUKI DESIGN,36,2011-01-24 10:18:00,1.48,10020,United Kingdom,customer_10020@example.com,15
540700,20725,LUNCH BAG RED RETROSPOT,12,2011-01-24 11:00:00,1.48,10095,United Kingdom,customer_10095@example.com,90
540071,20727,LUNCH BAG BLACK SKULL.,17,2011-01-24 12:04:00,1.65,10005,United Kingdom,customer_10005@example.com,15
540071,82482,WOODEN PICTURE FRAME WHITE FINISH,40,2011-01-24 12:04:00,2.42,10005,United Kingdom,customer_10005@example.com,
540071,21733,RED HANGING HEART T-LIGHT HOLDER,15,2011-01-24 12:04:00,2.95,10005,United Kingdom,customer_10005@example.com,90
540071,22386,JUMBO BAG PINK POLKADOT,6,2011-01-24 12:04:00,2.29,10005,United Kingdom,customer_10005@example.com,
540071,85099B,JUMBO BAG RED RETROSPOT,15,2011-01-24 12:04:00,2.08,10005,United Kingdom,customer_10005@example.com,
540188,21733,RED HANGING HEART T-LIGHT HOLDER,34,2011-01-25 09:25:00,2.95,10011,United Kingdom,customer_10011@example.com,90
540188,22411,JUMBO SHOPPER VINTAGE RED PAISLEY,33,2011-01-25 09:25:00,2.08,10011,United Kingdom,customer_10011@example.com,
540188,22960,JAM MAKING SET WITH JARS,14,2011-01-25 09:25:00,4.68,10011,United Kingdom,customer_10011@example.com,15
540329,20725,LUNCH BAG RED RETROSPOT,22,2011-01-25 11:47:00,1.81,10019,United Kingdom,customer_10019@example.com,90
540329,22423,REGENCY CAKESTAND 3 TIER,22,2011-01-25 11:47:00,14.03,10019,United Kingdom,customer_10019@example.com,
540329,22960,JAM MAKING SET WITH JARS,16,2011-01-25 11:47:00,4.04,10019,United Kingdom,customer_10019@example.com,15
540329,22961,JAM MAKING SET PRINTED,27,2011-01-25 11:47:00,1.3,10019,United Kingdom,customer_10019@example.com,-4
540329,20728,LUNCH BAG CARS BLUE,15,2011-01-25 11:47:00,1.73,10019,United Kingdom,customer_10019@example.com,15
540056,22961,JAM MAKING SET PRINTED,46,2011-01-25 13:14:00,1.3,10004,United Kingdom,customer_10004@example.com,-4
540231,47566,PARTY BUNTING,10,2011-01-25 14:33:00,5.45,10013,United Kingdom,customer_10013@example.com,
540231,20728,LUNCH BAG CARS BLUE,23,2011-01-25 14:33:00,1.73,10013,United Kingdom,customer_10013@example.com,15
540231,22698,PINK REGENCY TEACUP AND SAUCER,27,2011-01-25 14:33:00,2.66,10013,United Kingdom,customer_10013@example.com,
540231,21733,RED HANGING HEART T-LIGHT HOLDER,13,2011-01-25 14:33:00,2.95,10013,United Kingdom,customer_10013@example.com,90
540231,21034,REX CASH+CARRY JUMBO SHOPPER,14,2011-01-25 14:33:00,0.95,10013,United Kingdom,customer_10013@example.com,
C540330,20725,Manual Return / Cancel LUNCH BAG RED RETROSPOT,-1,2011-01-25 23:47:00,1.65,10019,United Kingdom,customer_10019@example.com,
540569,22423,REGENCY CAKESTAND 3 TIER,9,2011-01-26 10:24:00,14.03,10054,United Kingdom,customer_10054@example.com,
540569,22138,BAKING SET 9 PIECE RETROSPOT,12,2011-01-26 10:24:00,4.95,10054,United Kingdom,customer_10054@example.com,90
540569,22720,SET OF 3 CAKE TINS PANTRY DESIGN,7,2011-01-26 10:24:00,4.95,10054,United Kingdom,customer_10054@example.com,
540341,21034,REX CASH+CARRY JUMBO SHOPPER,25,2011-01-26 12:08:00,0.9,10020,United Kingdom,customer_10020@example.com,
540341,82482,WOODEN PICTURE FRAME WHITE FINISH,6,2011-01-26 12:08:00,2.55,10020,United Kingdom,customer_10020@example.com,
540341,21931,JUMBO STORAGE BAG SUKI,41,2011-01-26 12:08:00,2.29,10020,United Kingdom,customer_10020@example.com,
540341,22383,LUNCH BAG SUKI DESIGN,13,2011-01-26 12:08:00,1.57,10020,United Kingdom,customer_10020@example.com,15
540303,22386,JUMBO BAG PINK POLKADOT,16,2011-01-26 12:46:00,2.29,10016,United Kingdom,customer_10016@example.com,
540301,22720,SET OF 3 CAKE TINS PANTRY DESIGN,31,2011-01-26 13:18:00,4.7,10016,United Kingdom,customer_10016@example.com,
540301,22411,JUMBO SHOPPER VINTAGE RED PAISLEY,18,2011-01-26 13:18:00,2.08,10016,United Kingdom,customer_10016@example.com,
540301,22138,BAKING SET 9 PIECE RETROSPOT,37,2011-01-26 13:18:00,4.95,10016,United Kingdom,customer_10016@example.com,90
540301,22698,PINK REGENCY TEACUP AND SAUCER,14,2011-01-26 13:18:00,3.1,10016,United Kingdom,customer_10016@example.com,
540342,22722,SET OF 6 SPICE TINS PANTRY DESIGN,45,2011-01-26 15:34:00,3.75,10020,United Kingdom,customer_10020@example.com,45
540342,85099B,JUMBO BAG RED RETROSPOT,15,2011-01-26 15:34:00,2.29,10020,United Kingdom,customer_10020@example.com,
540342,22383,LUNCH BAG SUKI DESIGN,47,2011-01-26 15:34:00,1.73,10020,United Kingdom,customer_10020@example.com,15
540342,84879,ASSORTED COLOUR BIRD ORNAMENT,19,2011-01-26 15:34:00,1.69,10020,United Kingdom,customer_10020@example.com,90
540342,22698,PINK REGENCY TEACUP AND SAUCER,17,2011-01-26 15:34:00,2.8,10020,United Kingdom,customer_10020@example.com,
540537,82482,WOODEN PICTURE FRAME WHITE FINISH,1,2011-01-26 16:30:00,2.42,10048,United Kingdom,customer_10048@example.com,
540537,22960,JAM MAKING SET WITH JARS,9,2011-01-26 16:30:00,3.83,10048,United Kingdom,customer_10048@example.com,15
C540302,22698,Manual Return / Cancel PINK REGENCY TEACUP AND SAUCER,-2,2011-01-26 22:18:00,2.95,10016,United Kingdom,customer_10016@example.com,
540232,22138,BAKING SET 9 PIECE RETROSPOT,16,2011-01-27 10:31:00,5.45,10013,United Kingdom,customer_10013@example.com,90
540232,21212,PACK OF 72 RETROSPOT CAKE CASES,16,2011-01-27 10:31:00,0.55,10013,United Kingdom,customer_10013@example.com,15
540232,22423,REGENCY CAKESTAND 3 TIER,12,2011-01-27 10:31:00,12.75,10013,United Kingdom,customer_10013@example.com,
540232,84077,WORLD WAR 2 GLIDERS ASSTD DESIGNS,13,2011-01-27 10:31:00,0.32,10013,United Kingdom,customer_10013@example.com,
540251,20727,LUNCH BAG BLACK SKULL.,23,2011-01-27 12:10:00,1.57,10014,United Kingdom,customer_10014@example.com,15
540682,22138,BAKING SET 9 PIECE RETROSPOT,3,2011-01-27 12:37:00,5.45,10086,United Kingdom,customer_10086@example.com,90
540665,22666,RECIPE BOX PANTRY DESIGN,5,2011-01-27 12:58:00,2.8,10078,United Kingdom,customer_10078@example.com,
540331,84879,ASSORTED COLOUR BIRD ORNAMENT,10,2011-01-27 13:31:00,1.86,10019,United Kingdom,customer_10019@example.com,90
540331,21212,PACK OF 72 RETROSPOT CAKE CASES,17,2011-01-27 13:31:00,0.52,10019,United Kingdom,customer_10019@example.com,15
540331,21931,JUMBO STORAGE BAG SUKI,39,2011-01-27 13:31:00,2.08,10019,United Kingdom,customer_10019@example.com,
540331,21034,REX CASH+CARRY JUMBO SHOPPER,16,2011-01-27 13:31:00,1.04,10019,United Kingdom,customer_10019@example.com,
540331,22697,GREEN REGENCY TEACUP AND SAUCER,40,2011-01-27 13:31:00,3.1,10019,United Kingdom,customer_10019@example.com,
540388,21212,PACK OF 72 RETROSPOT CAKE CASES,47,2011-01-27 14:35:00,0.61,10025,United Kingdom,customer_10025@example.com,15
540388,20728,LUNCH BAG CARS BLUE,42,2011-01-27 14:35:00,1.57,10025,United Kingdom,customer_10025@example.com,15
540388,21034,REX CASH+CARRY JUMBO SHOPPER,44,2011-01-27 14:35:00,0.95,10025,United Kingdom,customer_10025@example.com,
540388,21754,HOME BUILDING BLOCK WORD,13,2011-01-27 14:35:00,6.25,10025,United Kingdom,customer_10025@example.com,
540388,85123A,WHITE HANGING HEART T-LIGHT HOLDER,17,2011-01-27 14:35:00,2.81,10025,United Kingdom,customer_10025@example.com,25
540400,20727,LUNCH BAG BLACK SKULL.,30,2011-01-27 17:27:00,1.73,10026,United Kingdom,customer_10026@example.com,15
540400,47566,PARTY BUNTING,22,2011-01-27 17:27:00,4.7,10026,United Kingdom,customer_10026@example.com,
540400,22697,GREEN REGENCY TEACUP AND SAUCER,33,2011-01-27 17:27:00,2.66,10026,United Kingdom,customer_10026@example.com,
540400,22698,PINK REGENCY TEACUP AND SAUCER,39,2011-01-27 17:27:00,2.8,10026,United Kingdom,customer_10026@example.com,
540669,20728,LUNCH BAG CARS BLUE,8,2011-01-28 11:01:00,1.81,10080,United Kingdom,customer_10080@example.com,15
540669,20727,LUNCH BAG BLACK SKULL.,6,2011-01-28 11:01:00,1.57,10080,United Kingdom,customer_10080@example.com,15
540698,22961,JAM MAKING SET PRINTED,2,2011-01-28 13:55:00,1.52,10094,United Kingdom,customer_10094@example.com,-4
540698,21931,JUMBO STORAGE BAG SUKI,3,2011-01-28 13:55:00,1.87,10094,United Kingdom,customer_10094@example.com,
540698,20725,LUNCH BAG RED RETROSPOT,1,2011-01-28 13:55:00,1.48,10094,United Kingdom,customer_10094@example.com,90
540684,21754,HOME BUILDING BLOCK WORD,3,2011-01-28 15:23:00,5.95,10088,United Kingdom,customer_10088@example.com,
540684,20725,LUNCH BAG RED RETROSPOT,2,2011-01-28 15:23:00,1.48,10088,United Kingdom,customer_10088@example.com,90
540684,21733,RED HANGING HEART T-LIGHT HOLDER,12,2011-01-28 15:23:00,3.1,10088,United Kingdom,customer_10088@example.com,90
540233,82482,WOODEN PICTURE FRAME WHITE FINISH,21,2011-01-28 17:00:00,2.29,10013,United Kingdom,customer_10013@example.com,
540543,22197,POPCORN HOLDER,8,2011-01-28 17:29:00,0.81,10049,United Kingdom,customer_10049@example.com,2
540543,21931,JUMBO STORAGE BAG SUKI,1,2011-01-28 17:29:00,1.87,10049,United Kingdom,customer_10049@example.com,
540543,82482,WOODEN PICTURE FRAME WHITE FINISH,4,2011-01-28 17:29:00,2.81,10049,United Kingdom,customer_10049@example.com,
540481,84077,WORLD WAR 2 GLIDERS ASSTD DESIGNS,12,2011-01-29 10:28:00,0.3,10038,United Kingdom,customer_10038@example.com,
540481,21034,REX CASH+CARRY JUMBO SHOPPER,6,2011-01-29 10:28:00,0.9,10038,United Kingdom,customer_10038@example.com,
540481,85123A,WHITE HANGING HEART T-LIGHT HOLDER,3,2011-01-29 10:28:00,2.81,10038,United Kingdom,customer_10038@example.com,25
540368,20725,LUNCH BAG RED RETROSPOT,31,2011-01-29 12:28:00,1.81,10023,United Kingdom,customer_10023@example.com,90
540368,85099B,JUMBO BAG RED RETROSPOT,41,2011-01-29 12:28:00,2.08,10023,United Kingdom,customer_10023@example.com,
540319,20725,LUNCH BAG RED RETROSPOT,27,2011-01-29 14:45:00,1.48,10018,France,customer_10018@example.com,90
540319,22699,ROSES REGENCY TEACUP AND SAUCER,41,2011-01-29 14:45:00,2.95,10018,France,customer_10018@example.com,
540319,20727,LUNCH BAG BLACK SKULL.,29,2011-01-29 14:45:00,1.81,10018,France,customer_10018@example.com,15
540319,22178,VICTORIAN GLASS HANGING T-LIGHT,46,2011-01-29 14:45:00,1.25,10018,France,customer_10018@example.com,-4
540275,22411,JUMBO SHOPPER VINTAGE RED PAISLEY,44,2011-01-29 15:16:00,2.29,10015,United Kingdom,customer_10015@example.com,
540275,22386,JUMBO BAG PINK POLKADOT,15,2011-01-29 15:16:00,2.18,10015,United Kingdom,customer_10015@example.com,
540275,84077,WORLD WAR 2 GLIDERS ASSTD DESIGNS,23,2011-01-29 15:16:00,0.28,10015,United Kingdom,customer_10015@example.com,
540275,22086,PAPER CHAIN KIT 50'S CHRISTMAS,8,2011-01-29 15:16:00,3.1,10015,United Kingdom,customer_10015@example.com,
540369,22086,PAPER CHAIN KIT 50'S CHRISTMAS,36,2011-01-30 09:10:00,2.8,10023,United Kingdom,customer_10023@example.com,
540369,85123A,WHITE HANGING HEART T-LIGHT HOLDER,33,2011-01-30 09:10:00,2.81,10023,United Kingdom,customer_10023@example.com,25
540369,21034,REX CASH+CARRY JUMBO SHOPPER,10,2011-01-30 09:10:00,0.85,10023,United Kingdom,customer_10023@example.com,
540369,84879,ASSORTED COLOUR BIRD ORNAMENT,20,2011-01-30 09:10:00,1.69,10023,United Kingdom,customer_10023@example.com,90
540320,22197,POPCORN HOLDER,45,2011-01-30 09:57:00,0.85,10018,France,customer_10018@example.com,2
540320,84077,WORLD WAR 2 GLIDERS ASSTD DESIGNS,12,2011-01-30 09:57:00,0.3,10018,France,customer_10018@example.com,
540516,22699,ROSES REGENCY TEACUP AND SAUCER,12,2011-01-30 11:36:00,2.95,10044,United Kingdom,customer_10044@example.com,
540687,22178,VICTORIAN GLASS HANGING T-LIGHT,2,2011-01-30 13:11:00,1.31,10091,Germany,customer_10091@example.com,-4
540406,22178,VICTORIAN GLASS HANGING T-LIGHT,12,2011-01-30 13:52:00,1.31,10027,United Kingdom,customer_10027@example.com,-4
540406,21733,RED HANGING HEART T-LIGHT HOLDER,30,2011-01-30 13:52:00,2.8,10027,United Kingdom,customer_10027@example.com,90
540406,85123A,WHITE HANGING HEART T-LIGHT HOLDER,21,2011-01-30 13:52:00,2.68,10027,United Kingdom,customer_10027@example.com,25
540406,20725,LUNCH BAG RED RETROSPOT,18,2011-01-30 13:52:00,1.48,10027,United Kingdom,customer_10027@example.com,90
540072,21212,PACK OF 72 RETROSPOT CAKE CASES,43,2011-01-31 09:08:00,0.52,10005,United Kingdom,customer_10005@example.com,15
540057,22697,GREEN REGENCY TEACUP AND SAUCER,8,2011-01-31 10:28:00,2.66,10004,United Kingdom,customer_10004@example.com,
540057,22383,LUNCH BAG SUKI DESIGN,9,2011-01-31 10:28:00,1.65,10004,United Kingdom,customer_10004@example.com,15
540321,21034,REX CASH+CARRY JUMBO SHOPPER,13,2011-01-31 10:59:00,1.04,10018,France,customer_10018@example.com,
540321,21733,RED HANGING HEART T-LIGHT HOLDER,46,2011-01-31 10:59:00,2.66,10018,France,customer_10018@example.com,90
540321,22666,RECIPE BOX PANTRY DESIGN,32,2011-01-31 10:59:00,2.66,10018,France,customer_10018@example.com,
540321,85099B,JUMBO BAG RED RETROSPOT,27,2011-01-31 10:59:00,1.98,10018,France,customer_10018@example.com,
540210,22666,RECIPE BOX PANTRY DESIGN,28,2011-01-31 12:19:00,2.95,10012,United Kingdom,customer_10012@example.com,
540234,21754,HOME BUILDING BLOCK WORD,20,2011-01-31 14:24:00,6.25,10013,United Kingdom,customer_10013@example.com,
540234,47566,PARTY BUNTING,41,2011-01-31 14:24:00,4.46,10013,United Kingdom,customer_10013@example.com,
540346,85123A,WHITE HANGING HEART T-LIGHT HOLDER,20,2011-01-31 14:27:00,2.42,10021,United Kingdom,customer_10021@example.com,25
540346,22720,SET OF 3 CAKE TINS PANTRY DESIGN,23,2011-01-31 14:27:00,5.2,10021,United Kingdom,customer_10021@example.com,
540673,21034,REX CASH+CARRY JUMBO SHOPPER,1,2011-01-31 14:38:00,0.85,10082,United Kingdom,customer_10082@example.com,
540673,22697,GREEN REGENCY TEACUP AND SAUCER,7,2011-01-31 14:38:00,3.25,10082,United Kingdom,customer_10082@example.com,
540673,22411,JUMBO SHOPPER VINTAGE RED PAISLEY,9,2011-01-31 14:38:00,2.08,10082,United Kingdom,customer_10082@example.com,
540003,21754,HOME BUILDING BLOCK WORD,17,2011-01-31 15:39:00,5.65,10001,United Kingdom,customer_10001@example.com,
540003,20727,LUNCH BAG BLACK SKULL.,7,2011-01-31 15:39:00,1.73,10001,United Kingdom,customer_10001@example.com,15
540332,85099B,JUMBO BAG RED RETROSPOT,24,2011-02-01 10:22:00,2.08,10019,United Kingdom,customer_10019@example.com,
540332,22722,SET OF 6 SPICE TINS PANTRY DESIGN,27,2011-02-01 10:22:00,3.95,10019,United Kingdom,customer_10019@example.com,45
540407,21754,HOME BUILDING BLOCK WORD,13,2011-02-01 12:30:00,6.55,10027,United Kingdom,customer_10027@example.com,
540407,22699,ROSES REGENCY TEACUP AND SAUCER,46,2011-02-01 12:30:00,2.8,10027,United Kingdom,customer_10027@example.com,
540407,22383,LUNCH BAG SUKI DESIGN,41,2011-02-01 12:30:00,1.48,10027,United Kingdom,customer_10027@example.com,15
540407,22720,SET OF 3 CAKE TINS PANTRY DESIGN,36,2011-02-01 12:30:00,4.95,10027,United Kingdom,customer_10027@example.com,
540401,82482,WOODEN PICTURE FRAME WHITE FINISH,23,2011-02-01 13:18:00,2.68,10026,United Kingdom,customer_10026@example.com,
540401,85099B,JUMBO BAG RED RETROSPOT,45,2011-02-01 13:18:00,2.18,10026,United Kingdom,customer_10026@example.com,
540401,21034,REX CASH+CARRY JUMBO SHOPPER,17,2011-02-01 13:18:00,0.85,10026,United Kingdom,customer_10026@example.com,
540401,20728,LUNCH BAG CARS BLUE,24,2011-02-01 13:18:00,1.57,10026,United Kingdom,customer_10026@example.com,15
540401,22961,JAM MAKING SET PRINTED,46,2011-02-01 13:18:00,1.3,10026,United Kingdom,customer_10026@example.com,-4
540674,22197,POPCORN HOLDER,1,2011-02-01 15:42:00,0.94,10082,United Kingdom,customer_10082@example.com,2
540674,22722,SET OF 6 SPICE TINS PANTRY DESIGN,3,2011-02-01 15:42:00,4.35,10082,United Kingdom,customer_10082@example.com,45
540671,22697,GREEN REGENCY TEACUP AND SAUCER,12,2011-02-01 15:43:00,3.1,10080,United Kingdom,customer_10080@example.com,
540670,84077,WORLD WAR 2 GLIDERS ASSTD DESIGNS,6,2011-02-01 16:05:00,0.28,10080,United Kingdom,customer_10080@example.com,
540413,22666,RECIPE BOX PANTRY DESIGN,10,2011-02-01 17:22:00,2.8,10028,United Kingdom,customer_10028@example.com,
540413,22698,PINK REGENCY TEACUP AND SAUCER,41,2011-02-01 17:22:00,3.25,10028,United Kingdom,customer_10028@example.com,
540413,20728,LUNCH BAG CARS BLUE,15,2011-02-01 17:22:00,1.81,10028,United Kingdom,customer_10028@example.com,15
540414,22178,VICTORIAN GLASS HANGING T-LIGHT,29,2011-02-02 13:34:00,1.38,10028,United Kingdom,customer_10028@example.com,-4
540414,22666,RECIPE BOX PANTRY DESIGN,30,2011-02-02 13:34:00,3.25,10028,United Kingdom,customer_10028@example.com,
540414,85123A,WHITE HANGING HEART T-LIGHT HOLDER,7,2011-02-02 13:34:00,2.42,10028,United Kingdom,customer_10028@example.com,25
540004,21034,REX CASH+CARRY JUMBO SHOPPER,23,2011-02-02 14:50:00,0.9,10001,United Kingdom,customer_10001@example.com,
540004,22698,PINK REGENCY TEACUP AND SAUCER,20,2011-02-02 14:50:00,3.1,10001,United Kingdom,customer_10001@example.com,
540004,82482,WOODEN PICTURE FRAME WHITE FINISH,8,2011-02-02 14:50:00,2.68,10001,United Kingdom,customer_10001@example.com,
540004,22699,ROSES REGENCY TEACUP AND SAUCER,12,2011-02-02 14:50:00,2.8,10001,United Kingdom,customer_10001@example.com,
540333,22178,VICTORIAN GLASS HANGING T-LIGHT,47,2011-02-02 17:30:00,1.19,10019,United Kingdom,customer_10019@example.com,-4
540333,21733,RED HANGING HEART T-LIGHT HOLDER,34,2011-02-02 17:30:00,2.95,10019,United Kingdom,customer_10019@example.com,90
540333,20725,LUNCH BAG RED RETROSPOT,30,2011-02-02 17:30:00,1.65,10019,United Kingdom,customer_10019@example.com,90
540333,22086,PAPER CHAIN KIT 50'S CHRISTMAS,45,2011-02-02 17:30:00,3.25,10019,United Kingdom,customer_10019@example.com,
540333,85123A,WHITE HANGING HEART T-LIGHT HOLDER,8,2011-02-02 17:30:00,2.42,10019,United Kingdom,customer_10019@example.com,25
540461,22961,JAM MAKING SET PRINTED,5,2011-02-03 11:11:00,1.52,10035,United Kingdom,customer_10035@example.com,-4
540461,22423,REGENCY CAKESTAND 3 TIER,12,2011-02-03 11:11:00,12.75,10035,United Kingdom,customer_10035@example.com,
540461,22383,LUNCH BAG SUKI DESIGN,2,2011-02-03 11:11:00,1.57,10035,United Kingdom,customer_10035@example.com,15
540073,22197,POPCORN HOLDER,39,2011-02-03 11:16:00,0.89,10005,United Kingdom,customer_10005@example.com,2
540091,47566,PARTY BUNTING,35,2011-02-03 11:48:00,5.2,10006,United Kingdom,customer_10006@example.com,
540408,82482,WOODEN PICTURE FRAME WHITE FINISH,13,2011-02-03 12:23:00,2.42,10027,United Kingdom,customer_10027@example.com,
540706,22138,BAKING SET 9 PIECE RETROSPOT,7,2011-02-03 12:45:00,4.46,10098,United Kingdom,customer_10098@example.com,90
540276,22697,GREEN REGENCY TEACUP AND SAUCER,27,2011-02-03 15:02:00,2.66,10015,United Kingdom,customer_10015@example.com,
540276,22720,SET OF 3 CAKE TINS PANTRY DESIGN,29,2011-02-03 15:02:00,4.95,10015,United Kingdom,customer_10015@example.com,
540276,20727,LUNCH BAG BLACK SKULL.,25,2011-02-03 15:02:00,1.65,10015,United Kingdom,customer_10015@example.com,15
540276,22722,SET OF 6 SPICE TINS PANTRY DESIGN,36,2011-02-03 15:02:00,3.56,10015,United Kingdom,customer_10015@example.com,45
540304,22411,JUMBO SHOPPER VINTAGE RED PAISLEY,47,2011-02-04 09:24:00,1.87,10016,United Kingdom,customer_10016@example.com,
540304,21931,JUMBO STORAGE BAG SUKI,48,2011-02-04 09:24:00,1.87,10016,United Kingdom,customer_10016@example.com,
540304,22178,VICTORIAN GLASS HANGING T-LIGHT,44,2011-02-04 09:24:00,1.12,10016,United Kingdom,customer_10016@example.com,-4
540512,82482,WOODEN PICTURE FRAME WHITE FINISH,2,2011-02-04 11:46:00,2.81,10043,United Kingdom,customer_10043@example.com,
540512,22138,BAKING SET 9 PIECE RETROSPOT,8,2011-02-04 11:46:00,4.95,10043,United Kingdom,customer_10043@example.com,90
540512,22178,VICTORIAN GLASS HANGING T-LIGHT,10,2011-02-04 11:46:00,1.38,10043,United Kingdom,customer_10043@example.com,-4
540672,21931,JUMBO STORAGE BAG SUKI,1,2011-02-04 13:04:00,1.87,10081,United Kingdom,customer_10081@example.com,
540686,22698,PINK REGENCY TEACUP AND SAUCER,9,2011-02-04 13:20:00,2.66,10090,United Kingdom,customer_10090@example.com,
540675,22720,SET OF 3 CAKE TINS PANTRY DESIGN,7,2011-02-04 16:08:00,5.45,10083,United Kingdom,customer_10083@example.com,
540402,85123A,WHITE HANGING HEART T-LIGHT HOLDER,7,2011-02-04 16:12:00,2.81,10026,United Kingdom,customer_10026@example.com,25
540402,22197,POPCORN HOLDER,12,2011-02-04 16:12:00,0.81,10026,United Kingdom,customer_10026@example.com,2
540402,22423,REGENCY CAKESTAND 3 TIER,23,2011-02-04 16:12:00,12.75,10026,United Kingdom,customer_10026@example.com,
540153,21754,HOME BUILDING BLOCK WORD,38,2011-02-04 17:45:00,6.55,10009,United Kingdom,customer_10009@example.com,
540153,84879,ASSORTED COLOUR BIRD ORNAMENT,9,2011-02-04 17:45:00,1.52,10009,United Kingdom,customer_10009@example.com,90
540153,22386,JUMBO BAG PINK POLKADOT,42,2011-02-04 17:45:00,1.98,10009,United Kingdom,customer_10009@example.com,
540305,22961,JAM MAKING SET PRINTED,30,2011-02-05 09:44:00,1.52,10016,United Kingdom,customer_10016@example.com,-4
540521,21733,RED HANGING HEART T-LIGHT HOLDER,7,2011-02-05 11:38:00,3.1,10045,United Kingdom,customer_10045@example.com,90
540309,20727,LUNCH BAG BLACK SKULL.,48,2011-02-05 12:44:00,1.81,10017,United Kingdom,customer_10017@example.com,15
540309,85123A,WHITE HANGING HEART T-LIGHT HOLDER,15,2011-02-05 12:44:00,2.68,10017,United Kingdom,customer_10017@example.com,25
540309,22720,SET OF 3 CAKE TINS PANTRY DESIGN,13,2011-02-05 12:44:00,4.46,10017,United Kingdom,customer_10017@example.com,
540309,22699,ROSES REGENCY TEACUP AND SAUCER,38,2011-02-05 12:44:00,2.66,10017,United Kingdom,customer_10017@example.com,
540685,85123A,WHITE HANGING HEART T-LIGHT HOLDER,8,2011-02-05 13:38:00,2.81,10089,United Kingdom,customer_10089@example.com,25
540685,22720,SET OF 3 CAKE TINS PANTRY DESIGN,12,2011-02-05 13:38:00,4.95,10089,United Kingdom,customer_10089@example.com,
540685,22423,REGENCY CAKESTAND 3 TIER,3,2011-02-05 13:38:00,14.03,10089,United Kingdom,customer_10089@example.com,
540430,22961,JAM MAKING SET PRINTED,18,2011-02-06 10:25:00,1.59,10030,United Kingdom,customer_10030@example.com,-4
540430,22697,GREEN REGENCY TEACUP AND SAUCER,18,2011-02-06 10:25:00,3.25,10030,United Kingdom,customer_10030@example.com,
540430,22197,POPCORN HOLDER,45,2011-02-06 10:25:00,0.94,10030,United Kingdom,customer_10030@example.com,2
540430,22178,VICTORIAN GLASS HANGING T-LIGHT,31,2011-02-06 10:25:00,1.31,10030,United Kingdom,customer_10030@example.com,-4
540430,84077,WORLD WAR 2 GLIDERS ASSTD DESIGNS,21,2011-02-06 10:25:00,0.32,10030,United Kingdom,customer_10030@example.com,
540710,22197,POPCORN HOLDER,3,2011-02-06 10:42:00,0.81,10100,United Kingdom,customer_10100@example.com,2
540710,47566,PARTY BUNTING,8,2011-02-06 10:42:00,5.45,10100,United Kingdom,customer_10100@example.com,
540389,22699,ROSES REGENCY TEACUP AND SAUCER,11,2011-02-06 13:22:00,3.1,10025,United Kingdom,customer_10025@example.com,
540389,84077,WORLD WAR 2 GLIDERS ASSTD DESIGNS,35,2011-02-06 13:22:00,0.29,10025,United Kingdom,customer_10025@example.com,
540389,22138,BAKING SET 9 PIECE RETROSPOT,45,2011-02-06 13:22:00,5.2,10025,United Kingdom,customer_10025@example.com,90
540409,47566,PARTY BUNTING,43,2011-02-06 15:20:00,4.95,10027,United Kingdom,customer_10027@example.com,
540711,20727,LUNCH BAG BLACK SKULL.,1,2011-02-06 15:31:00,1.81,10100,United Kingdom,customer_10100@example.com,15
540711,85099B,JUMBO BAG RED RETROSPOT,6,2011-02-06 15:31:00,1.87,10100,United Kingdom,customer_10100@example.com,
540403,20727,LUNCH BAG BLACK SKULL.,15,2011-02-06 16:46:00,1.48,10026,United Kingdom,customer_10026@example.com,15
540277,82482,WOODEN PICTURE FRAME WHITE FINISH,14,2011-02-06 16:54:00,2.42,10015,United Kingdom,customer_10015@example.com,
C540404,20727,Manual Return / Cancel LUNCH BAG BLACK SKULL.,-3,2011-02-07 00:46:00,1.65,10026,United Kingdom,customer_10026@example.com,
540370,22411,JUMBO SHOPPER VINTAGE RED PAISLEY,46,2011-02-07 09:46:00,1.98,10023,United Kingdom,customer_10023@example.com,
540370,22086,PAPER CHAIN KIT 50'S CHRISTMAS,34,2011-02-07 09:46:00,3.1,10023,United Kingdom,customer_10023@example.com,
540370,21754,HOME BUILDING BLOCK WORD,24,2011-02-07 09:46:00,6.55,10023,United Kingdom,customer_10023@example.com,
540370,22960,JAM MAKING SET WITH JARS,9,2011-02-07 09:46:00,4.68,10023,United Kingdom,customer_10023@example.com,15
540683,20725,LUNCH BAG RED RETROSPOT,11,2011-02-07 12:49:00,1.65,10087,United Kingdom,customer_10087@example.com,90
540683,22699,ROSES REGENCY TEACUP AND SAUCER,1,2011-02-07 12:49:00,2.95,10087,United Kingdom,customer_10087@example.com,
540594,21931,JUMBO STORAGE BAG SUKI,12,2011-02-07 13:26:00,2.18,10061,United Kingdom,customer_10061@example.com,
540712,47566,PARTY BUNTING,1,2011-02-07 14:43:00,5.45,10100,United Kingdom,customer_10100@example.com,
540544,22697,GREEN REGENCY TEACUP AND SAUCER,5,2011-02-07 16:58:00,2.66,10049,United Kingdom,customer_10049@example.com,
540544,22423,REGENCY CAKESTAND 3 TIER,1,2011-02-07 16:58:00,12.11,10049,United Kingdom,customer_10049@example.com,
540544,20727,LUNCH BAG BLACK SKULL.,11,2011-02-07 16:58:00,1.57,10049,United Kingdom,customer_10049@example.com,15
C540371,21754,Manual Return / Cancel HOME BUILDING BLOCK WORD,-3,2011-02-08 08:46:00,5.95,10023,United Kingdom,customer_10023@example.com,
540656,21733,RED HANGING HEART T-LIGHT HOLDER,5,2011-02-08 09:41:00,2.8,10073,United Kingdom,customer_10073@example.com,90
540656,22423,REGENCY CAKESTAND 3 TIER,12,2011-02-08 09:41:00,11.47,10073,United Kingdom,customer_10073@example.com,
540656,22698,PINK REGENCY TEACUP AND SAUCER,7,2011-02-08 09:41:00,3.25,10073,United Kingdom,customer_10073@example.com,
540334,22383,LUNCH BAG SUKI DESIGN,34,2011-02-08 10:24:00,1.81,10019,United Kingdom,customer_10019@example.com,15
540334,22698,PINK REGENCY TEACUP AND SAUCER,38,2011-02-08 10:24:00,2.95,10019,United Kingdom,customer_10019@example.com,
540334,21931,JUMBO STORAGE BAG SUKI,39,2011-02-08 10:24:00,1.87,10019,United Kingdom,customer_10019@example.com,
540189,22720,SET OF 3 CAKE TINS PANTRY DESIGN,26,2011-02-08 12:30:00,4.7,10011,United Kingdom,customer_10011@example.com,
540189,47566,PARTY BUNTING,46,2011-02-08 12:30:00,4.95,10011,United Kingdom,customer_10011@example.com,
540189,22960,JAM MAKING SET WITH JARS,42,2011-02-08 12:30:00,4.46,10011,United Kingdom,customer_10011@example.com,15
540558,85099B,JUMBO BAG RED RETROSPOT,8,2011-02-08 12:47:00,1.87,10052,United Kingdom,customer_10052@example.com,
540558,82482,WOODEN PICTURE FRAME WHITE FINISH,4,2011-02-08 12:47:00,2.68,10052,United Kingdom,customer_10052@example.com,
540690,20728,LUNCH BAG CARS BLUE,2,2011-02-08 16:56:00,1.73,10092,United Kingdom,customer_10092@example.com,15
540690,84077,WORLD WAR 2 GLIDERS ASSTD DESIGNS,10,2011-02-08 16:56:00,0.32,10092,United Kingdom,customer_10092@example.com,
540032,21733,RED HANGING HEART T-LIGHT HOLDER,17,2011-02-08 17:38:00,2.95,10003,France,customer_10003@example.com,90
540032,85099B,JUMBO BAG RED RETROSPOT,6,2011-02-08 17:38:00,2.08,10003,France,customer_10003@example.com,
540032,20725,LUNCH BAG RED RETROSPOT,20,2011-02-08 17:38:00,1.65,10003,France,customer_10003@example.com,90
540364,22961,JAM MAKING SET PRINTED,28,2011-02-09 09:44:00,1.52,10022,United Kingdom,customer_10022@example.com,-4
540364,20727,LUNCH BAG BLACK SKULL.,42,2011-02-09 09:44:00,1.81,10022,United Kingdom,customer_10022@example.com,15
540364,21034,REX CASH+CARRY JUMBO SHOPPER,33,2011-02-09 09:44:00,0.85,10022,United Kingdom,customer_10022@example.com,
540364,84077,WORLD WAR 2 GLIDERS ASSTD DESIGNS,22,2011-02-09 09:44:00,0.28,10022,United Kingdom,customer_10022@example.com,
540377,20727,LUNCH BAG BLACK SKULL.,27,2011-02-09 09:44:00,1.73,10024,EIRE,customer_10024@example.com,15
540377,22383,LUNCH BAG SUKI DESIGN,41,2011-02-09 09:44:00,1.48,10024,EIRE,customer_10024@example.com,15
540377,84879,ASSORTED COLOUR BIRD ORNAMENT,36,2011-02-09 09:44:00,1.61,10024,EIRE,customer_10024@example.com,90
540364,22178,VICTORIAN GLASS HANGING T-LIGHT,20,2011-02-09 09:44:00,1.31,10022,United Kingdom,customer_10022@example.com,-4
540252,22386,JUMBO BAG PINK POLKADOT,28,2011-02-09 09:48:00,2.18,10014,United Kingdom,customer_10014@example.com,
540252,82482,WOODEN PICTURE FRAME WHITE FINISH,17,2011-02-09 09:48:00,2.42,10014,United Kingdom,customer_10014@example.com,
540676,22197,POPCORN HOLDER,5,2011-02-09 10:20:00,0.89,10083,United Kingdom,customer_10083@example.com,2
540114,21212,PACK OF 72 RETROSPOT CAKE CASES,45,2011-02-09 11:44:00,0.55,10007,United Kingdom,customer_10007@example.com,15
540114,22666,RECIPE BOX PANTRY DESIGN,23,2011-02-09 11:44:00,3.1,10007,United Kingdom,customer_10007@example.com,
540114,22423,REGENCY CAKESTAND 3 TIER,10,2011-02-09 11:44:00,11.47,10007,United Kingdom,customer_10007@example.com,
540114,22698,PINK REGENCY TEACUP AND SAUCER,29,2011-02-09 11:44:00,3.1,10007,United Kingdom,customer_10007@example.com,
540410,22386,JUMBO BAG PINK POLKADOT,44,2011-02-09 12:00:00,2.18,10027,United Kingdom,customer_10027@example.com,
540655,21212,PACK OF 72 RETROSPOT CAKE CASES,12,2011-02-09 12:17:00,0.58,10072,France,customer_10072@example.com,15
540378,21754,HOME BUILDING BLOCK WORD,21,2011-02-09 12:57:00,5.65,10024,EIRE,customer_10024@example.com,
540378,22699,ROSES REGENCY TEACUP AND SAUCER,20,2011-02-09 12:57:00,2.8,10024,EIRE,customer_10024@example.com,
540378,22698,PINK REGENCY TEACUP AND SAUCER,22,2011-02-09 12:57:00,2.8,10024,EIRE,customer_10024@example.com,
540378,20728,LUNCH BAG CARS BLUE,37,2011-02-09 12:57:00,1.57,10024,EIRE,customer_10024@example.com,15
540378,47566,PARTY BUNTING,21,2011-02-09 12:57:00,4.7,10024,EIRE,customer_10024@example.com,
540653,22197,POPCORN HOLDER,5,2011-02-09 12:59:00,0.81,10072,France,customer_10072@example.com,2
540653,85099B,JUMBO BAG RED RETROSPOT,3,2011-02-09 12:59:00,1.87,10072,France,customer_10072@example.com,
540654,84077,WORLD WAR 2 GLIDERS ASSTD DESIGNS,6,2011-02-09 13:55:00,0.26,10072,France,customer_10072@example.com,
540654,21931,JUMBO STORAGE BAG SUKI,7,2011-02-09 13:55:00,2.29,10072,France,customer_10072@example.com,
540654,22423,REGENCY CAKESTAND 3 TIER,12,2011-02-09 13:55:00,12.75,10072,France,customer_10072@example.com,
540692,20727,LUNCH BAG BLACK SKULL.,8,2011-02-09 14:29:00,1.57,10092,United Kingdom,customer_10092@example.com,15
540692,22086,PAPER CHAIN KIT 50'S CHRISTMAS,11,2011-02-09 14:29:00,3.25,10092,United Kingdom,customer_10092@example.com,
540692,22699,ROSES REGENCY TEACUP AND SAUCER,2,2011-02-09 14:29:00,3.25,10092,United Kingdom,customer_10092@example.com,
540691,22961,JAM MAKING SET PRINTED,2,2011-02-09 14:39:00,1.52,10092,United Kingdom,customer_10092@example.com,-4
540130,20725,LUNCH BAG RED RETROSPOT,31,2011-02-09 16:18:00,1.48,10008,United Kingdom,customer_10008@example.com,90
540130,82482,WOODEN PICTURE FRAME WHITE FINISH,29,2011-02-09 16:18:00,2.68,10008,United Kingdom,customer_10008@example.com,
540130,85123A,WHITE HANGING HEART T-LIGHT HOLDER,29,2011-02-09 16:18:00,2.55,10008,United Kingdom,customer_10008@example.com,25
540130,22961,JAM MAKING SET PRINTED,42,2011-02-09 16:18:00,1.3,10008,United Kingdom,customer_10008@example.com,-4
540130,22197,POPCORN HOLDER,18,2011-02-09 16:18:00,0.94,10008,United Kingdom,customer_10008@example.com,2
540278,22961,JAM MAKING SET PRINTED,19,2011-02-09 16:49:00,1.52,10015,United Kingdom,customer_10015@example.com,-4
540278,22698,PINK REGENCY TEACUP AND SAUCER,18,2011-02-09 16:49:00,2.66,10015,United Kingdom,customer_10015@example.com,
540278,20728,LUNCH BAG CARS BLUE,47,2011-02-09 16:49:00,1.81,10015,United Kingdom,customer_10015@example.com,15
540498,22383,LUNCH BAG SUKI DESIGN,2,2011-02-09 17:06:00,1.81,10041,United Kingdom,customer_10041@example.com,15
540498,47566,PARTY BUNTING,2,2011-02-09 17:06:00,5.2,10041,United Kingdom,customer_10041@example.com,
540701,22961,JAM MAKING SET PRINTED,4,2011-02-10 11:41:00,1.59,10096,United Kingdom,customer_10096@example.com,-4
540347,22722,SET OF 6 SPICE TINS PANTRY DESIGN,28,2011-02-10 11:43:00,4.15,10021,United Kingdom,customer_10021@example.com,45
540347,84077,WORLD WAR 2 GLIDERS ASSTD DESIGNS,37,2011-02-10 11:43:00,0.29,10021,United Kingdom,customer_10021@example.com,
540347,22666,RECIPE BOX PANTRY DESIGN,12,2011-02-10 11:43:00,3.25,10021,United Kingdom,customer_10021@example.com,
540693,22699,ROSES REGENCY TEACUP AND SAUCER,4,2011-02-10 13:09:00,2.95,10093,United Kingdom,customer_10093@example.com,
540335,22720,SET OF 3 CAKE TINS PANTRY DESIGN,12,2011-02-10 13:57:00,4.46,10019,United Kingdom,customer_10019@example.com,
540335,22138,BAKING SET 9 PIECE RETROSPOT,40,2011-02-10 13:57:00,4.7,10019,United Kingdom,customer_10019@example.com,90
540677,22411,JUMBO SHOPPER VINTAGE RED PAISLEY,9,2011-02-10 15:18:00,2.08,10083,United Kingdom,customer_10083@example.com,
540677,21733,RED HANGING HEART T-LIGHT HOLDER,7,2011-02-10 15:18:00,2.95,10083,United Kingdom,customer_10083@example.com,90
540190,21754,HOME BUILDING BLOCK WORD,18,2011-02-10 15:23:00,6.55,10011,United Kingdom,customer_10011@example.com,
540702,85123A,WHITE HANGING HEART T-LIGHT HOLDER,12,2011-02-10 16:09:00,2.42,10096,United Kingdom,customer_10096@example.com,25
540702,22961,JAM MAKING SET PRINTED,3,2011-02-10 16:09:00,1.3,10096,United Kingdom,customer_10096@example.com,-4
540092,22086,PAPER CHAIN KIT 50'S CHRISTMAS,10,2011-02-10 16:43:00,3.1,10006,United Kingdom,customer_10006@example.com,
540092,82482,WOODEN PICTURE FRAME WHITE FINISH,9,2011-02-10 16:43:00,2.81,10006,United Kingdom,customer_10006@example.com,
540092,22720,SET OF 3 CAKE TINS PANTRY DESIGN,23,2011-02-10 16:43:00,4.95,10006,United Kingdom,customer_10006@example.com,
540092,22411,JUMBO SHOPPER VINTAGE RED PAISLEY,34,2011-02-10 16:43:00,2.18,10006,United Kingdom,customer_10006@example.com,
540092,22197,POPCORN HOLDER,38,2011-02-10 16:43:00,0.85,10006,United Kingdom,customer_10006@example.com,2
540704,20725,LUNCH BAG RED RETROSPOT,7,2011-02-11 09:21:00,1.73,10097,France,customer_10097@example.com,90
540454,22138,BAKING SET 9 PIECE RETROSPOT,7,2011-02-11 09:56:00,5.45,10034,United Kingdom,customer_10034@example.com,90
540559,85099B,JUMBO BAG RED RETROSPOT,7,2011-02-11 09:56:00,1.98,10052,United Kingdom,customer_10052@example.com,
540559,22197,POPCORN HOLDER,8,2011-02-11 09:56:00,0.94,10052,United Kingdom,customer_10052@example.com,2
540411,84879,ASSORTED COLOUR BIRD ORNAMENT,9,2011-02-11 10:15:00,1.52,10027,United Kingdom,customer_10027@example.com,90
540411,84077,WORLD WAR 2 GLIDERS ASSTD DESIGNS,27,2011-02-11 10:15:00,0.32,10027,United Kingdom,customer_10027@example.com,
540074,22178,VICTORIAN GLASS HANGING T-LIGHT,34,2011-02-11 10:30:00,1.12,10005,United Kingdom,customer_10005@example.com,-4
540074,21212,PACK OF 72 RETROSPOT CAKE CASES,20,2011-02-11 10:30:00,0.61,10005,United Kingdom,customer_10005@example.com,15
540074,22138,BAKING SET 9 PIECE RETROSPOT,8,2011-02-11 10:30:00,5.45,10005,United Kingdom,customer_10005@example.com,90
540074,22386,JUMBO BAG PINK POLKADOT,25,2011-02-11 10:30:00,2.29,10005,United Kingdom,customer_10005@example.com,
540390,21034,REX CASH+CARRY JUMBO SHOPPER,42,2011-02-11 11:55:00,1.04,10025,United Kingdom,customer_10025@example.com,
540390,22086,PAPER CHAIN KIT 50'S CHRISTMAS,32,2011-02-11 11:55:00,2.95,10025,United Kingdom,customer_10025@example.com,
540694,21931,JUMBO STORAGE BAG SUKI,1,2011-02-11 13:36:00,1.87,10093,United Kingdom,customer_10093@example.com,
540058,20727,LUNCH BAG BLACK SKULL.,42,2011-02-11 14:27:00,1.73,10004,United Kingdom,customer_10004@example.com,15
540058,22138,BAKING SET 9 PIECE RETROSPOT,16,2011-02-11 14:27:00,4.7,10004,United Kingdom,customer_10004@example.com,90
540703,82482,WOODEN PICTURE FRAME WHITE FINISH,10,2011-02-11 16:30:00,2.68,10096,United Kingdom,customer_10096@example.com,
540695,22666,RECIPE BOX PANTRY DESIGN,5,2011-02-11 17:27:00,2.95,10093,United Kingdom,customer_10093@example.com,
540695,20725,LUNCH BAG RED RETROSPOT,5,2011-02-11 17:27:00,1.81,10093,United Kingdom,customer_10093@example.com,90
540659,21733,RED HANGING HEART T-LIGHT HOLDER,8,2011-02-12 09:17:00,3.1,10076,Germany,customer_10076@example.com,90
540336,82482,WOODEN PICTURE FRAME WHITE FINISH,12,2011-02-12 10:13:00,2.68,10019,United Kingdom,customer_10019@example.com,
540336,22699,ROSES REGENCY TEACUP AND SAUCER,40,2011-02-12 10:13:00,2.8,10019,United Kingdom,customer_10019@example.com,
540348,21733,RED HANGING HEART T-LIGHT HOLDER,46,2011-02-12 10:53:00,2.95,10021,United Kingdom,customer_10021@example.com,90
540348,82482,WOODEN PICTURE FRAME WHITE FINISH,18,2011-02-12 10:53:00,2.81,10021,United Kingdom,customer_10021@example.com,
540348,22197,POPCORN HOLDER,10,2011-02-12 10:53:00,0.77,10021,United Kingdom,customer_10021@example.com,2
540666,22197,POPCORN HOLDER,3,2011-02-12 15:38:00,0.85,10079,United Kingdom,customer_10079@example.com,2
540666,84879,ASSORTED COLOUR BIRD ORNAMENT,2,2011-02-12 15:38:00,1.86,10079,United Kingdom,customer_10079@example.com,90
540005,82482,WOODEN PICTURE FRAME WHITE FINISH,31,2011-02-12 16:22:00,2.42,10001,United Kingdom,customer_10001@example.com,
540005,21034,REX CASH+CARRY JUMBO SHOPPER,48,2011-02-12 16:22:00,0.85,10001,United Kingdom,customer_10001@example.com,
540005,21733,RED HANGING HEART T-LIGHT HOLDER,20,2011-02-12 16:22:00,2.8,10001,United Kingdom,customer_10001@example.com,90
540513,84879,ASSORTED COLOUR BIRD ORNAMENT,10,2011-02-12 16:40:00,1.69,10043,United Kingdom,customer_10043@example.com,90
540513,22699,ROSES REGENCY TEACUP AND SAUCER,10,2011-02-12 16:40:00,3.25,10043,United Kingdom,customer_10043@example.com,
540513,22086,PAPER CHAIN KIT 50'S CHRISTMAS,6,2011-02-12 16:40:00,2.66,10043,United Kingdom,customer_10043@example.com,
540075,22960,JAM MAKING SET WITH JARS,10,2011-02-13 09:03:00,4.46,10005,United Kingdom,customer_10005@example.com,15
540075,82482,WOODEN PICTURE FRAME WHITE FINISH,37,2011-02-13 09:03:00,2.29,10005,United Kingdom,customer_10005@example.com,
540075,22961,JAM MAKING SET PRINTED,26,2011-02-13 09:03:00,1.3,10005,United Kingdom,customer_10005@example.com,-4
540075,22699,ROSES REGENCY TEACUP AND SAUCER,15,2011-02-13 09:03:00,3.25,10005,United Kingdom,customer_10005@example.com,
540391,22720,SET OF 3 CAKE TINS PANTRY DESIGN,26,2011-02-13 10:05:00,4.95,10025,United Kingdom,customer_10025@example.com,
540391,20727,LUNCH BAG BLACK SKULL.,23,2011-02-13 10:05:00,1.65,10025,United Kingdom,customer_10025@example.com,15
540365,20728,LUNCH BAG CARS BLUE,30,2011-02-13 10:18:00,1.48,10022,United Kingdom,customer_10022@example.com,15
540365,22961,JAM MAKING SET PRINTED,39,2011-02-13 10:18:00,1.3,10022,United Kingdom,customer_10022@example.com,-4
540365,22722,SET OF 6 SPICE TINS PANTRY DESIGN,6,2011-02-13 10:18:00,3.56,10022,United Kingdom,customer_10022@example.com,45
540365,85099B,JUMBO BAG RED RETROSPOT,26,2011-02-13 10:18:00,1.98,10022,United Kingdom,customer_10022@example.com,
540365,21931,JUMBO STORAGE BAG SUKI,39,2011-02-13 10:18:00,2.29,10022,United Kingdom,customer_10022@example.com,
540660,22138,BAKING SET 9 PIECE RETROSPOT,7,2011-02-13 11:44:00,4.95,10077,United Kingdom,customer_10077@example.com,90
540660,84879,ASSORTED COLOUR BIRD ORNAMENT,12,2011-02-13 11:44:00,1.86,10077,United Kingdom,customer_10077@example.com,90
540607,84077,WORLD WAR 2 GLIDERS ASSTD DESIGNS,5,2011-02-13 11:59:00,0.29,10064,United Kingdom,customer_10064@example.com,
540343,21034,REX CASH+CARRY JUMBO SHOPPER,35,2011-02-13 12:07:00,1.04,10020,United Kingdom,customer_10020@example.com,
540343,22699,ROSES REGENCY TEACUP AND SAUCER,9,2011-02-13 12:07:00,3.25,10020,United Kingdom,customer_10020@example.com,
540337,22698,PINK REGENCY TEACUP AND SAUCER,7,2011-02-13 15:41:00,2.8,10019,United Kingdom,customer_10019@example.com,
540093,22423,REGENCY CAKESTAND 3 TIER,24,2011-02-13 16:28:00,12.75,10006,United Kingdom,customer_10006@example.com,
540166,85099B,JUMBO BAG RED RETROSPOT,48,2011-02-14 09:55:00,2.29,10010,United Kingdom,customer_10010@example.com,
540366,22386,JUMBO BAG PINK POLKADOT,29,2011-02-14 10:09:00,2.29,10022,United Kingdom,customer_10022@example.com,
540366,82482,WOODEN PICTURE FRAME WHITE FINISH,19,2011-02-14 10:09:00,2.68,10022,United Kingdom,customer_10022@example.com,
540366,20728,LUNCH BAG CARS BLUE,23,2011-02-14 10:09:00,1.81,10022,United Kingdom,customer_10022@example.com,15
540366,22086,PAPER CHAIN KIT 50'S CHRISTMAS,33,2011-02-14 10:09:00,3.25,10022,United Kingdom,customer_10022@example.com,
540658,82482,WOODEN PICTURE FRAME WHITE FINISH,8,2011-02-14 12:19:00,2.42,10075,United Kingdom,customer_10075@example.com,
540662,84879,ASSORTED COLOUR BIRD ORNAMENT,9,2011-02-14 13:20:00,1.61,10077,United Kingdom,customer_10077@example.com,90
540662,20725,LUNCH BAG RED RETROSPOT,10,2011-02-14 13:20:00,1.57,10077,United Kingdom,customer_10077@example.com,90
540662,47566,PARTY BUNTING,6,2011-02-14 13:20:00,5.2,10077,United Kingdom,customer_10077@example.com,
540661,22423,REGENCY CAKESTAND 3 TIER,1,2011-02-14 14:29:00,12.11,10077,United Kingdom,customer_10077@example.com,
540661,22178,VICTORIAN GLASS HANGING T-LIGHT,11,2011-02-14 14:29:00,1.31,10077,United Kingdom,customer_10077@example.com,-4
540661,85123A,WHITE HANGING HEART T-LIGHT HOLDER,11,2011-02-14 14:29:00,2.42,10077,United Kingdom,customer_10077@example.com,25
540059,21754,HOME BUILDING BLOCK WORD,35,2011-02-14 15:39:00,5.65,10004,United Kingdom,customer_10004@example.com,
540059,84077,WORLD WAR 2 GLIDERS ASSTD DESIGNS,15,2011-02-14 15:39:00,0.32,10004,United Kingdom,customer_10004@example.com,
540667,21733,RED HANGING HEART T-LIGHT HOLDER,2,2011-02-14 17:27:00,3.1,10079,United Kingdom,customer_10079@example.com,90
540667,22699,ROSES REGENCY TEACUP AND SAUCER,12,2011-02-14 17:27:00,2.8,10079,United Kingdom,customer_10079@example.com,
540349,21733,RED HANGING HEART T-LIGHT HOLDER,43,2011-02-14 17:40:00,3.25,10021,United Kingdom,customer_10021@example.com,90
540415,22699,ROSES REGENCY TEACUP AND SAUCER,30,2011-02-15 12:20:00,3.25,10028,United Kingdom,customer_10028@example.com,
540552,85123A,WHITE HANGING HEART T-LIGHT HOLDER,4,2011-02-15 13:22:00,2.42,10051,EIRE,customer_10051@example.com,25
540552,21931,JUMBO STORAGE BAG SUKI,9,2011-02-15 13:22:00,1.87,10051,EIRE,customer_10051@example.com,
540306,22697,GREEN REGENCY TEACUP AND SAUCER,48,2011-02-15 13:30:00,3.1,10016,United Kingdom,customer_10016@example.com,
540306,85099B,JUMBO BAG RED RETROSPOT,25,2011-02-15 13:30:00,1.87,10016,United Kingdom,customer_10016@example.com,
540379,20725,LUNCH BAG RED RETROSPOT,48,2011-02-15 14:09:00,1.48,10024,EIRE,customer_10024@example.com,90
540580,22411,JUMBO SHOPPER VINTAGE RED PAISLEY,5,2011-02-15 14:18:00,2.29,10057,United Kingdom,customer_10057@example.com,
540580,47566,PARTY BUNTING,12,2011-02-15 14:18:00,4.7,10057,United Kingdom,customer_10057@example.com,
540707,22086,PAPER CHAIN KIT 50'S CHRISTMAS,1,2011-02-15 16:07:00,3.1,10099,United Kingdom,customer_10099@example.com,
540707,22411,JUMBO SHOPPER VINTAGE RED PAISLEY,8,2011-02-15 16:07:00,2.08,10099,United Kingdom,customer_10099@example.com,
540525,22699,ROSES REGENCY TEACUP AND SAUCER,7,2011-02-15 16:24:00,2.95,10046,United Kingdom,customer_10046@example.com,
540525,22138,BAKING SET 9 PIECE RETROSPOT,11,2011-02-15 16:24:00,5.45,10046,United Kingdom,customer_10046@example.com,90
540525,22720,SET OF 3 CAKE TINS PANTRY DESIGN,2,2011-02-15 16:24:00,4.46,10046,United Kingdom,customer_10046@example.com,
540191,85099B,JUMBO BAG RED RETROSPOT,48,2011-02-15 17:11:00,2.08,10011,United Kingdom,customer_10011@example.com,
540191,22697,GREEN REGENCY TEACUP AND SAUCER,21,2011-02-15 17:11:00,2.95,10011,United Kingdom,customer_10011@example.com,
540191,22666,RECIPE BOX PANTRY DESIGN,14,2011-02-15 17:11:00,3.1,10011,United Kingdom,customer_10011@example.com,
540191,22698,PINK REGENCY TEACUP AND SAUCER,32,2011-02-15 17:11:00,2.66,10011,United Kingdom,customer_10011@example.com,
540191,85123A,WHITE HANGING HEART T-LIGHT HOLDER,24,2011-02-15 17:11:00,2.68,10011,United Kingdom,customer_10011@example.com,25
540474,22698,PINK REGENCY TEACUP AND SAUCER,6,2011-02-16 09:07:00,2.8,10037,EIRE,customer_10037@example.com,
540474,22960,JAM MAKING SET WITH JARS,3,2011-02-16 09:07:00,3.83,10037,EIRE,customer_10037@example.com,15
540474,22720,SET OF 3 CAKE TINS PANTRY DESIGN,10,2011-02-16 09:07:00,5.45,10037,EIRE,customer_10037@example.com,
540211,22178,VICTORIAN GLASS HANGING T-LIGHT,19,2011-02-16 10:28:00,1.19,10012,United Kingdom,customer_10012@example.com,-4
540372,47566,PARTY BUNTING,28,2011-02-16 12:02:00,5.2,10023,United Kingdom,customer_10023@example.com,
540372,22411,JUMBO SHOPPER VINTAGE RED PAISLEY,23,2011-02-16 12:02:00,1.87,10023,United Kingdom,customer_10023@example.com,
540372,20727,LUNCH BAG BLACK SKULL.,16,2011-02-16 12:02:00,1.48,10023,United Kingdom,customer_10023@example.com,15
540372,22697,GREEN REGENCY TEACUP AND SAUCER,47,2011-02-16 12:02:00,2.8,10023,United Kingdom,customer_10023@example.com,
540372,22138,BAKING SET 9 PIECE RETROSPOT,29,2011-02-16 12:02:00,4.46,10023,United Kingdom,customer_10023@example.com,90
540708,20727,LUNCH BAG BLACK SKULL.,11,2011-02-16 12:30:00,1.81,10099,United Kingdom,customer_10099@example.com,15
540708,22666,RECIPE BOX PANTRY DESIGN,4,2011-02-16 12:30:00,3.25,10099,United Kingdom,customer_10099@example.com,
540435,22411,JUMBO SHOPPER VINTAGE RED PAISLEY,12,2011-02-16 13:35:00,1.98,10031,United Kingdom,customer_10031@example.com,
540435,22698,PINK REGENCY TEACUP AND SAUCER,7,2011-02-16 13:35:00,2.66,10031,United Kingdom,customer_10031@example.com,
540192,22666,RECIPE BOX PANTRY DESIGN,38,2011-02-16 15:50:00,3.25,10011,United Kingdom,customer_10011@example.com,
540192,84879,ASSORTED COLOUR BIRD ORNAMENT,31,2011-02-16 15:50:00,1.86,10011,United Kingdom,customer_10011@example.com,90
540192,22411,JUMBO SHOPPER VINTAGE RED PAISLEY,40,2011-02-16 15:50:00,2.18,10011,United Kingdom,customer_10011@example.com,
540192,84077,WORLD WAR 2 GLIDERS ASSTD DESIGNS,29,2011-02-16 15:50:00,0.26,10011,United Kingdom,customer_10011@example.com,
540709,22698,PINK REGENCY TEACUP AND SAUCER,7,2011-02-16 16:08:00,3.1,10099,United Kingdom,customer_10099@example.com,
540709,22697,GREEN REGENCY TEACUP AND SAUCER,8,2011-02-16 16:08:00,2.95,10099,United Kingdom,customer_10099@example.com,
540193,20725,LUNCH BAG RED RETROSPOT,48,2011-02-16 17:38:00,1.57,10011,United Kingdom,customer_10011@example.com,90
540380,22423,REGENCY CAKESTAND 3 TIER,37,2011-02-17 09:48:00,12.75,10024,EIRE,customer_10024@example.com,
540380,82482,WOODEN PICTURE FRAME WHITE FINISH,23,2011-02-17 09:48:00,2.81,10024,EIRE,customer_10024@example.com,
540380,84077,WORLD WAR 2 GLIDERS ASSTD DESIGNS,17,2011-02-17 09:48:00,0.3,10024,EIRE,customer_10024@example.com,
540380,21212,PACK OF 72 RETROSPOT CAKE CASES,23,2011-02-17 09:48:00,0.61,10024,EIRE,customer_10024@example.com,15
540380,22411,JUMBO SHOPPER VINTAGE RED PAISLEY,20,2011-02-17 09:48:00,2.18,10024,EIRE,customer_10024@example.com,
540441,22197,POPCORN HOLDER,9,2011-02-17 11:21:00,0.89,10032,United Kingdom,customer_10032@example.com,2
540441,22699,ROSES REGENCY TEACUP AND SAUCER,12,2011-02-17 11:21:00,2.66,10032,United Kingdom,customer_10032@example.com,
540491,22666,RECIPE BOX PANTRY DESIGN,5,2011-02-17 13:43:00,3.25,10040,United Kingdom,customer_10040@example.com,
540491,22697,GREEN REGENCY TEACUP AND SAUCER,4,2011-02-17 13:43:00,3.1,10040,United Kingdom,customer_10040@example.com,
540491,22178,VICTORIAN GLASS HANGING T-LIGHT,3,2011-02-17 13:43:00,1.19,10040,United Kingdom,customer_10040@example.com,-4
540631,84077,WORLD WAR 2 GLIDERS ASSTD DESIGNS,10,2011-02-17 13:45:00,0.26,10068,United Kingdom,customer_10068@example.com,
540631,22178,VICTORIAN GLASS HANGING T-LIGHT,11,2011-02-17 13:45:00,1.31,10068,United Kingdom,customer_10068@example.com,-4
540373,85123A,WHITE HANGING HEART T-LIGHT HOLDER,24,2011-02-17 15:37:00,2.81,10023,United Kingdom,customer_10023@example.com,25
540373,22138,BAKING SET 9 PIECE RETROSPOT,11,2011-02-17 15:37:00,4.46,10023,United Kingdom,customer_10023@example.com,90
540367,21212,PACK OF 72 RETROSPOT CAKE CASES,36,2011-02-17 17:30:00,0.61,10022,United Kingdom,customer_10022@example.com,15
540367,21931,JUMBO STORAGE BAG SUKI,25,2011-02-17 17:30:00,2.08,10022,United Kingdom,customer_10022@example.com,
540610,22178,VICTORIAN GLASS HANGING T-LIGHT,4,2011-02-18 10:01:00,1.12,10065,United Kingdom,customer_10065@example.com,-4
540610,22961,JAM MAKING SET PRINTED,1,2011-02-18 10:01:00,1.3,10065,United Kingdom,customer_10065@example.com,-4
540608,22411,JUMBO SHOPPER VINTAGE RED PAISLEY,12,2011-02-18 11:52:00,1.98,10064,United Kingdom,customer_10064@example.com,
540608,22722,SET OF 6 SPICE TINS PANTRY DESIGN,6,2011-02-18 11:52:00,4.35,10064,United Kingdom,customer_10064@example.com,45
540688,22960,JAM MAKING SET WITH JARS,2,2011-02-18 12:10:00,4.04,10091,Germany,customer_10091@example.com,15
540688,22178,VICTORIAN GLASS HANGING T-LIGHT,11,2011-02-18 12:10:00,1.25,10091,Germany,customer_10091@example.com,-4
540522,22698,PINK REGENCY TEACUP AND SAUCER,4,2011-02-18 12:42:00,2.8,10045,United Kingdom,customer_10045@example.com,
540522,22086,PAPER CHAIN KIT 50'S CHRISTMAS,12,2011-02-18 12:42:00,3.25,10045,United Kingdom,customer_10045@example.com,
540668,22960,JAM MAKING SET WITH JARS,4,2011-02-18 13:18:00,4.68,10079,United Kingdom,customer_10079@example.com,15
540668,84077,WORLD WAR 2 GLIDERS ASSTD DESIGNS,4,2011-02-18 13:18:00,0.3,10079,United Kingdom,customer_10079@example.com,
540668,22197,POPCORN HOLDER,12,2011-02-18 13:18:00,0.85,10079,United Kingdom,customer_10079@example.com,2
540431,22386,JUMBO BAG PINK POLKADOT,26,2011-02-18 13:49:00,1.98,10030,United Kingdom,customer_10030@example.com,
540431,22720,SET OF 3 CAKE TINS PANTRY DESIGN,13,2011-02-18 13:49:00,4.46,10030,United Kingdom,customer_10030@example.com,
540431,21754,HOME BUILDING BLOCK WORD,28,2011-02-18 13:49:00,5.95,10030,United Kingdom,customer_10030@example.com,
540431,22699,ROSES REGENCY TEACUP AND SAUCER,33,2011-02-18 13:49:00,3.1,10030,United Kingdom,customer_10030@example.com,
540212,22086,PAPER CHAIN KIT 50'S CHRISTMAS,19,2011-02-18 14:55:00,2.8,10012,United Kingdom,customer_10012@example.com,
540212,22197,POPCORN HOLDER,16,2011-02-18 14:55:00,0.94,10012,United Kingdom,customer_10012@example.com,2
540212,22411,JUMBO SHOPPER VINTAGE RED PAISLEY,44,2011-02-18 14:55:00,2.08,10012,United Kingdom,customer_10012@example.com,
540212,47566,PARTY BUNTING,40,2011-02-18 14:55:00,4.95,10012,United Kingdom,customer_10012@example.com,
540212,22961,JAM MAKING SET PRINTED,42,2011-02-18 14:55:00,1.3,10012,United Kingdom,customer_10012@example.com,-4
540492,22720,SET OF 3 CAKE TINS PANTRY DESIGN,8,2011-02-18 15:11:00,4.46,10040,United Kingdom,customer_10040@example.com,
540492,22699,ROSES REGENCY TEACUP AND SAUCER,1,2011-02-18 15:11:00,3.1,10040,United Kingdom,customer_10040@example.com,
540492,21754,HOME BUILDING BLOCK WORD,8,2011-02-18 15:11:00,5.95,10040,United Kingdom,customer_10040@example.com,
540392,82482,WOODEN PICTURE FRAME WHITE FINISH,32,2011-02-18 15:17:00,2.68,10025,United Kingdom,customer_10025@example.com,
540392,21212,PACK OF 72 RETROSPOT CAKE CASES,17,2011-02-18 15:17:00,0.52,10025,United Kingdom,customer_10025@example.com,15
540392,22698,PINK REGENCY TEACUP AND SAUCER,14,2011-02-18 15:17:00,2.66,10025,United Kingdom,customer_10025@example.com,
540392,22178,VICTORIAN GLASS HANGING T-LIGHT,39,2011-02-18 15:17:00,1.38,10025,United Kingdom,customer_10025@example.com,-4
540279,22138,BAKING SET 9 PIECE RETROSPOT,10,2011-02-18 15:47:00,4.7,10015,United Kingdom,customer_10015@example.com,90
540279,82482,WOODEN PICTURE FRAME WHITE FINISH,38,2011-02-18 15:47:00,2.55,10015,United Kingdom,customer_10015@example.com,
540279,22178,VICTORIAN GLASS HANGING T-LIGHT,38,2011-02-18 15:47:00,1.12,10015,United Kingdom,customer_10015@example.com,-4
540279,21212,PACK OF 72 RETROSPOT CAKE CASES,14,2011-02-18 15:47:00,0.58,10015,United Kingdom,customer_10015@example.com,15
540235,84879,ASSORTED COLOUR BIRD ORNAMENT,17,2011-02-18 15:58:00,1.52,10013,United Kingdom,customer_10013@example.com,90
540235,21733,RED HANGING HEART T-LIGHT HOLDER,38,2011-02-18 15:58:00,2.66,10013,United Kingdom,customer_10013@example.com,90
540235,20728,LUNCH BAG CARS BLUE,29,2011-02-18 15:58:00,1.81,10013,United Kingdom,customer_10013@example.com,15
540375,22138,BAKING SET 9 PIECE RETROSPOT,30,2011-02-18 17:18:00,5.2,10023,United Kingdom,customer_10023@example.com,90
540705,84077,WORLD WAR 2 GLIDERS ASSTD DESIGNS,8,2011-02-18 17:18:00,0.3,10097,France,customer_10097@example.com,
540375,20725,LUNCH BAG RED RETROSPOT,40,2011-02-18 17:18:00,1.65,10023,United Kingdom,customer_10023@example.com,90
540375,21034,REX CASH+CARRY JUMBO SHOPPER,22,2011-02-18 17:18:00,1.04,10023,United Kingdom,customer_10023@example.com,
540374,21212,PACK OF 72 RETROSPOT CAKE CASES,35,2011-02-18 17:58:00,0.52,10023,United Kingdom,customer_10023@example.com,15
540374,20728,LUNCH BAG CARS BLUE,22,2011-02-18 17:58:00,1.48,10023,United Kingdom,customer_10023@example.com,15
540374,22411,JUMBO SHOPPER VINTAGE RED PAISLEY,12,2011-02-18 17:58:00,2.29,10023,United Kingdom,customer_10023@example.com,
540374,21733,RED HANGING HEART T-LIGHT HOLDER,42,2011-02-18 17:58:00,3.1,10023,United Kingdom,customer_10023@example.com,90
540374,20727,LUNCH BAG BLACK SKULL.,32,2011-02-18 17:58:00,1.57,10023,United Kingdom,customer_10023@example.com,15
540545,22386,JUMBO BAG PINK POLKADOT,10,2011-02-19 10:29:00,2.29,10049,United Kingdom,customer_10049@example.com,
540545,21733,RED HANGING HEART T-LIGHT HOLDER,8,2011-02-19 10:29:00,2.66,10049,United Kingdom,customer_10049@example.com,90
540545,47566,PARTY BUNTING,2,2011-02-19 10:29:00,4.46,10049,United Kingdom,customer_10049@example.com,
540468,20728,LUNCH BAG CARS BLUE,4,2011-02-19 11:07:00,1.81,10036,United Kingdom,customer_10036@example.com,15
540468,82482,WOODEN PICTURE FRAME WHITE FINISH,7,2011-02-19 11:07:00,2.81,10036,United Kingdom,customer_10036@example.com,
540468,22720,SET OF 3 CAKE TINS PANTRY DESIGN,10,2011-02-19 11:07:00,4.7,10036,United Kingdom,customer_10036@example.com,
540420,22698,PINK REGENCY TEACUP AND SAUCER,46,2011-02-19 12:36:00,2.66,10029,Germany,customer_10029@example.com,
540420,21931,JUMBO STORAGE BAG SUKI,32,2011-02-19 12:36:00,2.29,10029,Germany,customer_10029@example.com,
540376,22699,ROSES REGENCY TEACUP AND SAUCER,22,2011-02-19 12:48:00,2.66,10023,United Kingdom,customer_10023@example.com,
540376,22666,RECIPE BOX PANTRY DESIGN,36,2011-02-19 12:48:00,2.66,10023,United Kingdom,customer_10023@example.com,
540376,22178,VICTORIAN GLASS HANGING T-LIGHT,43,2011-02-19 12:48:00,1.31,10023,United Kingdom,customer_10023@example.com,-4
540350,21931,JUMBO STORAGE BAG SUKI,40,2011-02-19 12:58:00,2.08,10021,United Kingdom,customer_10021@example.com,
540213,82482,WOODEN PICTURE FRAME WHITE FINISH,9,2011-02-19 13:18:00,2.68,10012,United Kingdom,customer_10012@example.com,
540213,22722,SET OF 6 SPICE TINS PANTRY DESIGN,14,2011-02-19 13:18:00,3.75,10012,United Kingdom,customer_10012@example.com,45
540213,22699,ROSES REGENCY TEACUP AND SAUCER,15,2011-02-19 13:18:00,2.8,10012,United Kingdom,customer_10012@example.com,
540213,20728,LUNCH BAG CARS BLUE,14,2011-02-19 13:18:00,1.48,10012,United Kingdom,customer_10012@example.com,15
540213,22138,BAKING SET 9 PIECE RETROSPOT,47,2011-02-19 13:18:00,4.95,10012,United Kingdom,customer_10012@example.com,90
540076,22960,JAM MAKING SET WITH JARS,13,2011-02-19 13:39:00,3.83,10005,United Kingdom,customer_10005@example.com,15
540076,22720,SET OF 3 CAKE TINS PANTRY DESIGN,33,2011-02-19 13:39:00,5.45,10005,United Kingdom,customer_10005@example.com,
540076,21931,JUMBO STORAGE BAG SUKI,24,2011-02-19 13:39:00,2.29,10005,United Kingdom,customer_10005@example.com,
540076,22697,GREEN REGENCY TEACUP AND SAUCER,38,2011-02-19 13:39:00,3.1,10005,United Kingdom,customer_10005@example.com,
540076,22411,JUMBO SHOPPER VINTAGE RED PAISLEY,19,2011-02-19 13:39:00,2.29,10005,United Kingdom,customer_10005@example.com,
540482,22178,VICTORIAN GLASS HANGING T-LIGHT,4,2011-02-19 13:49:00,1.19,10038,United Kingdom,customer_10038@example.com,-4
540482,22197,POPCORN HOLDER,9,2011-02-19 13:49:00,0.77,10038,United Kingdom,customer_10038@example.com,2
540689,22699,ROSES REGENCY TEACUP AND SAUCER,11,2011-02-19 15:47:00,2.95,10091,Germany,customer_10091@example.com,
540689,22722,SET OF 6 SPICE TINS PANTRY DESIGN,3,2011-02-19 15:47:00,4.35,10091,Germany,customer_10091@example.com,45
540626,85123A,WHITE HANGING HEART T-LIGHT HOLDER,11,2011-02-19 16:14:00,2.68,10067,United Kingdom,customer_10067@example.com,25
540626,20725,LUNCH BAG RED RETROSPOT,3,2011-02-19 16:14:00,1.48,10067,United Kingdom,customer_10067@example.com,90
540626,22197,POPCORN HOLDER,2,2011-02-19 16:14:00,0.77,10067,United Kingdom,customer_10067@example.com,2
540280,47566,PARTY BUNTING,8,2011-02-19 17:56:00,4.7,10015,United Kingdom,customer_10015@example.com,
540280,85123A,WHITE HANGING HEART T-LIGHT HOLDER,9,2011-02-19 17:56:00,2.42,10015,United Kingdom,customer_10015@example.com,25
540280,21733,RED HANGING HEART T-LIGHT HOLDER,29,2011-02-19 17:56:00,2.95,10015,United Kingdom,customer_10015@example.com,90
540280,85099B,JUMBO BAG RED RETROSPOT,9,2011-02-19 17:56:00,2.18,10015,United Kingdom,customer_10015@example.com,
540280,22722,SET OF 6 SPICE TINS PANTRY DESIGN,18,2011-02-19 17:56:00,3.95,10015,United Kingdom,customer_10015@example.com,45
540455,22178,VICTORIAN GLASS HANGING T-LIGHT,8,2011-02-20 09:35:00,1.25,10034,United Kingdom,customer_10034@example.com,-4
540455,22138,BAKING SET 9 PIECE RETROSPOT,4,2011-02-20 09:35:00,4.46,10034,United Kingdom,customer_10034@example.com,90
540652,22178,VICTORIAN GLASS HANGING T-LIGHT,10,2011-02-20 10:33:00,1.19,10071,United Kingdom,customer_10071@example.com,-4
540652,22386,JUMBO BAG PINK POLKADOT,2,2011-02-20 10:33:00,2.18,10071,United Kingdom,customer_10071@example.com,
540652,21733,RED HANGING HEART T-LIGHT HOLDER,5,2011-02-20 10:33:00,3.25,10071,United Kingdom,customer_10071@example.com,90
540680,22423,REGENCY CAKESTAND 3 TIER,12,2011-02-20 10:57:00,12.75,10085,EIRE,customer_10085@example.com,
540680,22666,RECIPE BOX PANTRY DESIGN,8,2011-02-20 10:57:00,3.25,10085,EIRE,customer_10085@example.com,
540077,22666,RECIPE BOX PANTRY DESIGN,33,2011-02-20 12:26:00,2.95,10005,United Kingdom,customer_10005@example.com,
540077,22960,JAM MAKING SET WITH JARS,48,2011-02-20 12:26:00,4.25,10005,United Kingdom,customer_10005@example.com,15
540077,21733,RED HANGING HEART T-LIGHT HOLDER,12,2011-02-20 12:26:00,3.1,10005,United Kingdom,customer_10005@example.com,90
540167,22383,LUNCH BAG SUKI DESIGN,18,2011-02-20 16:13:00,1.57,10010,United Kingdom,customer_10010@example.com,15
540167,21754,HOME BUILDING BLOCK WORD,36,2011-02-20 16:13:00,5.36,10010,United Kingdom,customer_10010@example.com,
540167,85123A,WHITE HANGING HEART T-LIGHT HOLDER,44,2011-02-20 16:13:00,2.42,10010,United Kingdom,customer_10010@example.com,25
540322,85123A,WHITE HANGING HEART T-LIGHT HOLDER,43,2011-02-20 16:29:00,2.42,10018,France,customer_10018@example.com,25
540322,84077,WORLD WAR 2 GLIDERS ASSTD DESIGNS,38,2011-02-20 16:29:00,0.3,10018,France,customer_10018@example.com,
540322,22698,PINK REGENCY TEACUP AND SAUCER,14,2011-02-20 16:29:00,2.8,10018,France,customer_10018@example.com,
540322,22138,BAKING SET 9 PIECE RETROSPOT,41,2011-02-20 16:29:00,4.46,10018,France,customer_10018@example.com,90
540322,22197,POPCORN HOLDER,43,2011-02-20 16:29:00,0.89,10018,France,customer_10018@example.com,2
540421,20725,LUNCH BAG RED RETROSPOT,38,2011-02-20 16:44:00,1.73,10029,Germany,customer_10029@example.com,90
540421,47566,PARTY BUNTING,48,2011-02-20 16:44:00,4.95,10029,Germany,customer_10029@example.com,
540421,21034,REX CASH+CARRY JUMBO SHOPPER,40,2011-02-20 16:44:00,0.9,10029,Germany,customer_10029@example.com,
540421,22722,SET OF 6 SPICE TINS PANTRY DESIGN,41,2011-02-20 16:44:00,3.75,10029,Germany,customer_10029@example.com,45
540469,22698,PINK REGENCY TEACUP AND SAUCER,12,2011-02-20 17:05:00,3.25,10036,United Kingdom,customer_10036@example.com,
540469,22697,GREEN REGENCY TEACUP AND SAUCER,7,2011-02-20 17:05:00,2.95,10036,United Kingdom,customer_10036@example.com,
540094,22138,BAKING SET 9 PIECE RETROSPOT,34,2011-02-21 10:39:00,4.46,10006,United Kingdom,customer_10006@example.com,90
540094,22960,JAM MAKING SET WITH JARS,47,2011-02-21 10:39:00,4.68,10006,United Kingdom,customer_10006@example.com,15
540094,21931,JUMBO STORAGE BAG SUKI,15,2011-02-21 10:39:00,2.29,10006,United Kingdom,customer_10006@example.com,
540094,22666,RECIPE BOX PANTRY DESIGN,26,2011-02-21 10:39:00,2.8,10006,United Kingdom,customer_10006@example.com,
540094,22386,JUMBO BAG PINK POLKADOT,36,2011-02-21 10:39:00,2.29,10006,United Kingdom,customer_10006@example.com,
540681,22197,POPCORN HOLDER,5,2011-02-21 10:54:00,0.81,10085,EIRE,customer_10085@example.com,2
540681,20725,LUNCH BAG RED RETROSPOT,3,2011-02-21 10:54:00,1.57,10085,EIRE,customer_10085@example.com,90
540681,82482,WOODEN PICTURE FRAME WHITE FINISH,2,2011-02-21 10:54:00,2.55,10085,EIRE,customer_10085@example.com,
540635,22383,LUNCH BAG SUKI DESIGN,6,2011-02-21 10:58:00,1.81,10069,Germany,customer_10069@example.com,15
540635,84879,ASSORTED COLOUR BIRD ORNAMENT,6,2011-02-21 10:58:00,1.52,10069,Germany,customer_10069@example.com,90
540635,82482,WOODEN PICTURE FRAME WHITE FINISH,1,2011-02-21 10:58:00,2.42,10069,Germany,customer_10069@example.com,
540381,22961,JAM MAKING SET PRINTED,17,2011-02-21 11:03:00,1.52,10024,EIRE,customer_10024@example.com,-4
540381,22423,REGENCY CAKESTAND 3 TIER,6,2011-02-21 11:03:00,12.75,10024,EIRE,customer_10024@example.com,
540381,84077,WORLD WAR 2 GLIDERS ASSTD DESIGNS,13,2011-02-21 11:03:00,0.3,10024,EIRE,customer_10024@example.com,
540381,21034,REX CASH+CARRY JUMBO SHOPPER,28,2011-02-21 11:03:00,1.04,10024,EIRE,customer_10024@example.com,
540381,21931,JUMBO STORAGE BAG SUKI,35,2011-02-21 11:03:00,2.29,10024,EIRE,customer_10024@example.com,
540502,21931,JUMBO STORAGE BAG SUKI,6,2011-02-21 13:03:00,2.29,10042,United Kingdom,customer_10042@example.com,
540502,22722,SET OF 6 SPICE TINS PANTRY DESIGN,1,2011-02-21 13:03:00,3.56,10042,United Kingdom,customer_10042@example.com,45
540338,84879,ASSORTED COLOUR BIRD ORNAMENT,17,2011-02-21 14:02:00,1.52,10019,United Kingdom,customer_10019@example.com,90
540095,22697,GREEN REGENCY TEACUP AND SAUCER,8,2011-02-21 16:06:00,2.8,10006,United Kingdom,customer_10006@example.com,
540095,22138,BAKING SET 9 PIECE RETROSPOT,39,2011-02-21 16:06:00,5.2,10006,United Kingdom,customer_10006@example.com,90
540095,84879,ASSORTED COLOUR BIRD ORNAMENT,34,2011-02-21 16:06:00,1.61,10006,United Kingdom,customer_10006@example.com,90
C540382,21034,Manual Return / Cancel REX CASH+CARRY JUMBO SHOPPER,-4,2011-02-21 19:03:00,0.95,10024,EIRE,customer_10024@example.com,
C540636,84879,Manual Return / Cancel ASSORTED COLOUR BIRD ORNAMENT,-4,2011-02-22 09:58:00,1.69,10069,Germany,customer_10069@example.com,
540529,84879,ASSORTED COLOUR BIRD ORNAMENT,3,2011-02-22 10:45:00,1.86,10047,United Kingdom,customer_10047@example.com,90
540006,22086,PAPER CHAIN KIT 50'S CHRISTMAS,7,2011-02-22 10:49:00,2.95,10001,United Kingdom,customer_10001@example.com,
540006,22138,BAKING SET 9 PIECE RETROSPOT,22,2011-02-22 10:49:00,4.46,10001,United Kingdom,customer_10001@example.com,90
540006,21212,PACK OF 72 RETROSPOT CAKE CASES,40,2011-02-22 10:49:00,0.58,10001,United Kingdom,customer_10001@example.com,15
540344,20728,LUNCH BAG CARS BLUE,18,2011-02-23 10:18:00,1.48,10020,United Kingdom,customer_10020@example.com,15
540627,20725,LUNCH BAG RED RETROSPOT,8,2011-02-23 14:09:00,1.81,10067,United Kingdom,customer_10067@example.com,90
540627,22411,JUMBO SHOPPER VINTAGE RED PAISLEY,11,2011-02-23 14:09:00,1.87,10067,United Kingdom,customer_10067@example.com,
540657,82482,WOODEN PICTURE FRAME WHITE FINISH,5,2011-02-23 14:57:00,2.68,10074,France,customer_10074@example.com,
540657,21931,JUMBO STORAGE BAG SUKI,1,2011-02-23 14:57:00,2.18,10074,France,customer_10074@example.com,
540657,20725,LUNCH BAG RED RETROSPOT,8,2011-02-23 14:57:00,1.57,10074,France,customer_10074@example.com,90
540168,21931,JUMBO STORAGE BAG SUKI,30,2011-02-23 15:58:00,2.08,10010,United Kingdom,customer_10010@example.com,
540168,22720,SET OF 3 CAKE TINS PANTRY DESIGN,40,2011-02-23 15:58:00,5.2,10010,United Kingdom,customer_10010@example.com,
540310,22666,RECIPE BOX PANTRY DESIGN,17,2011-02-24 10:57:00,2.66,10017,United Kingdom,customer_10017@example.com,
540310,20727,LUNCH BAG BLACK SKULL.,9,2011-02-24 10:57:00,1.73,10017,United Kingdom,customer_10017@example.com,15
540310,22086,PAPER CHAIN KIT 50'S CHRISTMAS,22,2011-02-24 10:57:00,2.95,10017,United Kingdom,customer_10017@example.com,
540412,21034,REX CASH+CARRY JUMBO SHOPPER,41,2011-02-24 11:44:00,0.95,10027,United Kingdom,customer_10027@example.com,
540412,20725,LUNCH BAG RED RETROSPOT,34,2011-02-24 11:44:00,1.65,10027,United Kingdom,customer_10027@example.com,90
540412,22197,POPCORN HOLDER,7,2011-02-24 11:44:00,0.81,10027,United Kingdom,customer_10027@example.com,2
540412,84077,WORLD WAR 2 GLIDERS ASSTD DESIGNS,28,2011-02-24 11:44:00,0.3,10027,United Kingdom,customer_10027@example.com,
540412,20727,LUNCH BAG BLACK SKULL.,22,2011-02-24 11:44:00,1.57,10027,United Kingdom,customer_10027@example.com,15
540530,22697,GREEN REGENCY TEACUP AND SAUCER,5,2011-02-24 11:57:00,2.8,10047,United Kingdom,customer_10047@example.com,
540598,22178,VICTORIAN GLASS HANGING T-LIGHT,8,2011-02-24 12:01:00,1.25,10062,United Kingdom,customer_10062@example.com,-4
540442,22386,JUMBO BAG PINK POLKADOT,7,2011-02-25 12:26:00,1.98,10032,United Kingdom,customer_10032@example.com,
540576,22961,JAM MAKING SET PRINTED,8,2011-02-25 12:33:00,1.52,10056,United Kingdom,customer_10056@example.com,-4
540576,22383,LUNCH BAG SUKI DESIGN,6,2011-02-25 12:33:00,1.73,10056,United Kingdom,customer_10056@example.com,15
540576,85123A,WHITE HANGING HEART T-LIGHT HOLDER,3,2011-02-25 12:33:00,2.81,10056,United Kingdom,customer_10056@example.com,25
540253,22386,JUMBO BAG PINK POLKADOT,15,2011-02-25 14:51:00,2.29,10014,United Kingdom,customer_10014@example.com,
540253,21754,HOME BUILDING BLOCK WORD,42,2011-02-25 14:51:00,5.95,10014,United Kingdom,customer_10014@example.com,
540253,85123A,WHITE HANGING HEART T-LIGHT HOLDER,18,2011-02-25 14:51:00,2.81,10014,United Kingdom,customer_10014@example.com,25
540436,47566,PARTY BUNTING,4,2011-02-25 17:02:00,4.95,10031,United Kingdom,customer_10031@example.com,
540436,22423,REGENCY CAKESTAND 3 TIER,5,2011-02-25 17:02:00,14.03,10031,United Kingdom,customer_10031@example.com,
540632,84077,WORLD WAR 2 GLIDERS ASSTD DESIGNS,9,2011-02-25 17:36:00,0.28,10068,United Kingdom,customer_10068@example.com,
540632,21931,JUMBO STORAGE BAG SUKI,7,2011-02-25 17:36:00,1.87,10068,United Kingdom,customer_10068@example.com,
540577,84879,ASSORTED COLOUR BIRD ORNAMENT,4,2011-02-26 09:18:00,1.52,10056,United Kingdom,customer_10056@example.com,90
540115,82482,WOODEN PICTURE FRAME WHITE FINISH,8,2011-02-26 11:01:00,2.68,10007,United Kingdom,customer_10007@example.com,
540115,22411,JUMBO SHOPPER VINTAGE RED PAISLEY,10,2011-02-26 11:01:00,1.98,10007,United Kingdom,customer_10007@example.com,
540131,22666,RECIPE BOX PANTRY DESIGN,13,2011-02-26 13:04:00,3.25,10008,United Kingdom,customer_10008@example.com,
540131,22138,BAKING SET 9 PIECE RETROSPOT,45,2011-02-26 13:04:00,4.95,10008,United Kingdom,customer_10008@example.com,90
540131,21931,JUMBO STORAGE BAG SUKI,29,2011-02-26 13:04:00,2.18,10008,United Kingdom,customer_10008@example.com,
540131,22178,VICTORIAN GLASS HANGING T-LIGHT,12,2011-02-26 13:04:00,1.19,10008,United Kingdom,customer_10008@example.com,-4
540132,22178,VICTORIAN GLASS HANGING T-LIGHT,38,2011-02-26 14:35:00,1.38,10008,United Kingdom,customer_10008@example.com,-4
540132,22197,POPCORN HOLDER,38,2011-02-26 14:35:00,0.89,10008,United Kingdom,customer_10008@example.com,2
540132,85099B,JUMBO BAG RED RETROSPOT,8,2011-02-26 14:35:00,1.87,10008,United Kingdom,customer_10008@example.com,
540016,20727,LUNCH BAG BLACK SKULL.,40,2011-02-26 16:04:00,1.65,10002,United Kingdom,customer_10002@example.com,15
540016,22720,SET OF 3 CAKE TINS PANTRY DESIGN,20,2011-02-26 16:04:00,4.7,10002,United Kingdom,customer_10002@example.com,
540016,20728,LUNCH BAG CARS BLUE,14,2011-02-26 16:04:00,1.48,10002,United Kingdom,customer_10002@example.com,15
540422,22722,SET OF 6 SPICE TINS PANTRY DESIGN,29,2011-02-26 16:59:00,3.95,10029,Germany,customer_10029@example.com,45
540422,22720,SET OF 3 CAKE TINS PANTRY DESIGN,46,2011-02-26 16:59:00,5.2,10029,Germany,customer_10029@example.com,
540422,21931,JUMBO STORAGE BAG SUKI,26,2011-02-26 16:59:00,2.18,10029,Germany,customer_10029@example.com,
540611,84077,WORLD WAR 2 GLIDERS ASSTD DESIGNS,5,2011-02-26 17:37:00,0.26,10065,United Kingdom,customer_10065@example.com,
540096,21754,HOME BUILDING BLOCK WORD,27,2011-02-27 11:23:00,6.25,10006,United Kingdom,customer_10006@example.com,
540096,22383,LUNCH BAG SUKI DESIGN,9,2011-02-27 11:23:00,1.81,10006,United Kingdom,customer_10006@example.com,15
540096,22960,JAM MAKING SET WITH JARS,10,2011-02-27 11:23:00,4.25,10006,United Kingdom,customer_10006@example.com,15
540581,22697,GREEN REGENCY TEACUP AND SAUCER,3,2011-02-27 11:53:00,2.8,10057,United Kingdom,customer_10057@example.com,
540581,22699,ROSES REGENCY TEACUP AND SAUCER,6,2011-02-27 11:53:00,2.66,10057,United Kingdom,customer_10057@example.com,
540581,22722,SET OF 6 SPICE TINS PANTRY DESIGN,2,2011-02-27 11:53:00,3.75,10057,United Kingdom,customer_10057@example.com,45
C540133,22178,Manual Return / Cancel VICTORIAN GLASS HANGING T-LIGHT,-3,2011-02-27 14:35:00,1.25,10008,United Kingdom,customer_10008@example.com,
540644,22423,REGENCY CAKESTAND 3 TIER,4,2011-02-27 15:59:00,12.11,10070,United Kingdom,customer_10070@example.com,
540644,22698,PINK REGENCY TEACUP AND SAUCER,4,2011-02-27 15:59:00,3.25,10070,United Kingdom,customer_10070@example.com,
540644,22086,PAPER CHAIN KIT 50'S CHRISTMAS,8,2011-02-27 15:59:00,2.95,10070,United Kingdom,customer_10070@example.com,
540493,22383,LUNCH BAG SUKI DESIGN,10,2011-02-27 16:29:00,1.65,10040,United Kingdom,customer_10040@example.com,15
540352,21212,PACK OF 72 RETROSPOT CAKE CASES,45,2011-02-27 17:05:00,0.52,10021,United Kingdom,customer_10021@example.com,15
540352,22138,BAKING SET 9 PIECE RETROSPOT,38,2011-02-27 17:05:00,4.7,10021,United Kingdom,customer_10021@example.com,90
540352,22699,ROSES REGENCY TEACUP AND SAUCER,17,2011-02-27 17:05:00,2.8,10021,United Kingdom,customer_10021@example.com,
540352,85123A,WHITE HANGING HEART T-LIGHT HOLDER,34,2011-02-27 17:05:00,2.42,10021,United Kingdom,customer_10021@example.com,25
540351,22960,JAM MAKING SET WITH JARS,14,2011-02-27 17:30:00,4.25,10021,United Kingdom,customer_10021@example.com,15
540351,21212,PACK OF 72 RETROSPOT CAKE CASES,43,2011-02-27 17:30:00,0.52,10021,United Kingdom,customer_10021@example.com,15
540383,22411,JUMBO SHOPPER VINTAGE RED PAISLEY,41,2011-02-28 10:20:00,1.98,10024,EIRE,customer_10024@example.com,
540383,20728,LUNCH BAG CARS BLUE,36,2011-02-28 10:20:00,1.65,10024,EIRE,customer_10024@example.com,15
540383,82482,WOODEN PICTURE FRAME WHITE FINISH,21,2011-02-28 10:20:00,2.55,10024,EIRE,customer_10024@example.com,
540595,21733,RED HANGING HEART T-LIGHT HOLDER,5,2011-02-28 11:12:00,3.1,10061,United Kingdom,customer_10061@example.com,90
540353,22423,REGENCY CAKESTAND 3 TIER,22,2011-02-28 11:47:00,11.47,10021,United Kingdom,customer_10021@example.com,
540353,22178,VICTORIAN GLASS HANGING T-LIGHT,48,2011-02-28 11:47:00,1.12,10021,United Kingdom,customer_10021@example.com,-4
540353,20727,LUNCH BAG BLACK SKULL.,20,2011-02-28 11:47:00,1.65,10021,United Kingdom,customer_10021@example.com,15
540353,21212,PACK OF 72 RETROSPOT CAKE CASES,20,2011-02-28 11:47:00,0.58,10021,United Kingdom,customer_10021@example.com,15
540323,22697,GREEN REGENCY TEACUP AND SAUCER,14,2011-02-28 14:32:00,2.8,10018,France,customer_10018@example.com,
540323,21754,HOME BUILDING BLOCK WORD,34,2011-02-28 14:32:00,5.95,10018,France,customer_10018@example.com,
540323,22411,JUMBO SHOPPER VINTAGE RED PAISLEY,27,2011-02-28 14:32:00,2.18,10018,France,customer_10018@example.com,
540323,22961,JAM MAKING SET PRINTED,23,2011-02-28 14:32:00,1.38,10018,France,customer_10018@example.com,-4
540553,22138,BAKING SET 9 PIECE RETROSPOT,5,2011-02-28 14:55:00,4.7,10051,EIRE,customer_10051@example.com,90
540553,20727,LUNCH BAG BLACK SKULL.,4,2011-02-28 14:55:00,1.48,10051,EIRE,customer_10051@example.com,15
540553,22666,RECIPE BOX PANTRY DESIGN,3,2011-02-28 14:55:00,2.66,10051,EIRE,customer_10051@example.com,
540345,22699,ROSES REGENCY TEACUP AND SAUCER,45,2011-02-28 16:21:00,2.95,10020,United Kingdom,customer_10020@example.com,
540345,22086,PAPER CHAIN KIT 50'S CHRISTMAS,18,2011-02-28 16:21:00,2.66,10020,United Kingdom,customer_10020@example.com,
540345,22197,POPCORN HOLDER,12,2011-02-28 16:21:00,0.81,10020,United Kingdom,customer_10020@example.com,2
540572,82482,WOODEN PICTURE FRAME WHITE FINISH,6,2011-02-28 16:47:00,2.42,10055,United Kingdom,customer_10055@example.com,
540572,22697,GREEN REGENCY TEACUP AND SAUCER,5,2011-02-28 16:47:00,2.95,10055,United Kingdom,customer_10055@example.com,
540572,85099B,JUMBO BAG RED RETROSPOT,11,2011-02-28 16:47:00,2.29,10055,United Kingdom,customer_10055@example.com,
540097,82482,WOODEN PICTURE FRAME WHITE FINISH,28,2011-02-28 17:43:00,2.42,10006,United Kingdom,customer_10006@example.com,
540097,22698,PINK REGENCY TEACUP AND SAUCER,48,2011-02-28 17:43:00,3.25,10006,United Kingdom,customer_10006@example.com,
540097,20728,LUNCH BAG CARS BLUE,11,2011-02-28 17:43:00,1.65,10006,United Kingdom,customer_10006@example.com,15
540097,22383,LUNCH BAG SUKI DESIGN,15,2011-02-28 17:43:00,1.81,10006,United Kingdom,customer_10006@example.com,15
540384,22961,JAM MAKING SET PRINTED,29,2011-03-01 14:23:00,1.45,10024,EIRE,customer_10024@example.com,-4
540384,84077,WORLD WAR 2 GLIDERS ASSTD DESIGNS,32,2011-03-01 14:23:00,0.28,10024,EIRE,customer_10024@example.com,
540531,20728,LUNCH BAG CARS BLUE,5,2011-03-02 10:40:00,1.65,10047,United Kingdom,customer_10047@example.com,15
540531,21754,HOME BUILDING BLOCK WORD,12,2011-03-02 10:40:00,6.25,10047,United Kingdom,customer_10047@example.com,
540450,84077,WORLD WAR 2 GLIDERS ASSTD DESIGNS,4,2011-03-02 11:54:00,0.28,10033,United Kingdom,customer_10033@example.com,
540450,22197,POPCORN HOLDER,1,2011-03-02 11:54:00,0.81,10033,United Kingdom,customer_10033@example.com,2
540462,85123A,WHITE HANGING HEART T-LIGHT HOLDER,10,2011-03-02 12:00:00,2.29,10035,United Kingdom,customer_10035@example.com,25
540462,22178,VICTORIAN GLASS HANGING T-LIGHT,8,2011-03-02 12:00:00,1.31,10035,United Kingdom,customer_10035@example.com,-4
540462,20728,LUNCH BAG CARS BLUE,9,2011-03-02 12:00:00,1.73,10035,United Kingdom,customer_10035@example.com,15
540007,22411,JUMBO SHOPPER VINTAGE RED PAISLEY,28,2011-03-02 13:02:00,2.18,10001,United Kingdom,customer_10001@example.com,
540612,22178,VICTORIAN GLASS HANGING T-LIGHT,2,2011-03-02 13:42:00,1.12,10065,United Kingdom,customer_10065@example.com,-4
540393,85099B,JUMBO BAG RED RETROSPOT,31,2011-03-02 13:47:00,1.98,10025,United Kingdom,customer_10025@example.com,
540354,21754,HOME BUILDING BLOCK WORD,47,2011-03-02 14:24:00,5.36,10021,United Kingdom,customer_10021@example.com,
540354,22423,REGENCY CAKESTAND 3 TIER,22,2011-03-02 14:24:00,12.75,10021,United Kingdom,customer_10021@example.com,
540354,22666,RECIPE BOX PANTRY DESIGN,12,2011-03-02 14:24:00,2.95,10021,United Kingdom,customer_10021@example.com,
540354,22722,SET OF 6 SPICE TINS PANTRY DESIGN,46,2011-03-02 14:24:00,4.35,10021,United Kingdom,customer_10021@example.com,45
540432,22411,JUMBO SHOPPER VINTAGE RED PAISLEY,20,2011-03-03 09:49:00,1.87,10030,United Kingdom,customer_10030@example.com,
540432,21212,PACK OF 72 RETROSPOT CAKE CASES,34,2011-03-03 09:49:00,0.52,10030,United Kingdom,customer_10030@example.com,15
540432,47566,PARTY BUNTING,45,2011-03-03 09:49:00,5.2,10030,United Kingdom,customer_10030@example.com,
540613,47566,PARTY BUNTING,1,2011-03-03 12:37:00,4.95,10065,United Kingdom,customer_10065@example.com,
540503,20727,LUNCH BAG BLACK SKULL.,12,2011-03-03 13:55:00,1.73,10042,United Kingdom,customer_10042@example.com,15
540588,85123A,WHITE HANGING HEART T-LIGHT HOLDER,11,2011-03-04 17:14:00,2.68,10059,United Kingdom,customer_10059@example.com,25
540588,85099B,JUMBO BAG RED RETROSPOT,9,2011-03-04 17:14:00,1.87,10059,United Kingdom,customer_10059@example.com,
540355,22086,PAPER CHAIN KIT 50'S CHRISTMAS,39,2011-03-05 11:24:00,2.8,10021,United Kingdom,customer_10021@example.com,
540355,22722,SET OF 6 SPICE TINS PANTRY DESIGN,28,2011-03-05 11:24:00,4.15,10021,United Kingdom,customer_10021@example.com,45
540355,22386,JUMBO BAG PINK POLKADOT,30,2011-03-05 11:24:00,2.08,10021,United Kingdom,customer_10021@example.com,
540355,21212,PACK OF 72 RETROSPOT CAKE CASES,39,2011-03-05 11:24:00,0.5,10021,United Kingdom,customer_10021@example.com,15
540463,84077,WORLD WAR 2 GLIDERS ASSTD DESIGNS,10,2011-03-05 12:13:00,0.26,10035,United Kingdom,customer_10035@example.com,
540463,22699,ROSES REGENCY TEACUP AND SAUCER,8,2011-03-05 12:13:00,3.1,10035,United Kingdom,customer_10035@example.com,
540463,22666,RECIPE BOX PANTRY DESIGN,1,2011-03-05 12:13:00,3.25,10035,United Kingdom,customer_10035@example.com,
540098,22697,GREEN REGENCY TEACUP AND SAUCER,14,2011-03-05 15:08:00,2.95,10006,United Kingdom,customer_10006@example.com,
540098,84879,ASSORTED COLOUR BIRD ORNAMENT,11,2011-03-05 15:08:00,1.86,10006,United Kingdom,customer_10006@example.com,90
540098,22383,LUNCH BAG SUKI DESIGN,38,2011-03-05 15:08:00,1.73,10006,United Kingdom,customer_10006@example.com,15
540098,21931,JUMBO STORAGE BAG SUKI,7,2011-03-05 15:08:00,2.08,10006,United Kingdom,customer_10006@example.com,
540098,22960,JAM MAKING SET WITH JARS,25,2011-03-05 15:08:00,4.25,10006,United Kingdom,customer_10006@example.com,15
540538,21212,PACK OF 72 RETROSPOT CAKE CASES,11,2011-03-05 16:07:00,0.5,10048,United Kingdom,customer_10048@example.com,15
540538,21754,HOME BUILDING BLOCK WORD,7,2011-03-05 16:07:00,5.95,10048,United Kingdom,customer_10048@example.com,
540538,21931,JUMBO STORAGE BAG SUKI,11,2011-03-05 16:07:00,2.08,10048,United Kingdom,customer_10048@example.com,
540560,22086,PAPER CHAIN KIT 50'S CHRISTMAS,5,2011-03-05 16:46:00,2.95,10052,United Kingdom,customer_10052@example.com,
540339,20727,LUNCH BAG BLACK SKULL.,33,2011-03-05 17:04:00,1.73,10019,United Kingdom,customer_10019@example.com,15
540339,21754,HOME BUILDING BLOCK WORD,7,2011-03-05 17:04:00,5.95,10019,United Kingdom,customer_10019@example.com,
540339,20728,LUNCH BAG CARS BLUE,13,2011-03-05 17:04:00,1.73,10019,United Kingdom,customer_10019@example.com,15
540339,22961,JAM MAKING SET PRINTED,6,2011-03-05 17:04:00,1.59,10019,United Kingdom,customer_10019@example.com,-4
540339,21733,RED HANGING HEART T-LIGHT HOLDER,34,2011-03-05 17:04:00,3.1,10019,United Kingdom,customer_10019@example.com,90
540154,20725,LUNCH BAG RED RETROSPOT,38,2011-03-06 11:20:00,1.48,10009,United Kingdom,customer_10009@example.com,90
540154,22699,ROSES REGENCY TEACUP AND SAUCER,9,2011-03-06 11:20:00,3.1,10009,United Kingdom,customer_10009@example.com,
540154,85099B,JUMBO BAG RED RETROSPOT,14,2011-03-06 11:20:00,2.18,10009,United Kingdom,customer_10009@example.com,
540154,22697,GREEN REGENCY TEACUP AND SAUCER,32,2011-03-06 11:20:00,3.25,10009,United Kingdom,customer_10009@example.com,
540154,22666,RECIPE BOX PANTRY DESIGN,37,2011-03-06 11:20:00,3.25,10009,United Kingdom,customer_10009@example.com,
540099,85099B,JUMBO BAG RED RETROSPOT,12,2011-03-06 12:21:00,2.08,10006,United Kingdom,customer_10006@example.com,
540099,20727,LUNCH BAG BLACK SKULL.,40,2011-03-06 12:21:00,1.81,10006,United Kingdom,customer_10006@example.com,15
540099,84879,ASSORTED COLOUR BIRD ORNAMENT,45,2011-03-06 12:21:00,1.69,10006,United Kingdom,customer_10006@example.com,90
540099,22197,POPCORN HOLDER,8,2011-03-06 12:21:00,0.94,10006,United Kingdom,customer_10006@example.com,2
540645,22720,SET OF 3 CAKE TINS PANTRY DESIGN,7,2011-03-06 13:54:00,4.7,10070,United Kingdom,customer_10070@example.com,
540645,22961,JAM MAKING SET PRINTED,11,2011-03-06 13:54:00,1.3,10070,United Kingdom,customer_10070@example.com,-4
540134,22722,SET OF 6 SPICE TINS PANTRY DESIGN,31,2011-03-06 16:33:00,3.75,10008,United Kingdom,customer_10008@example.com,45
540134,22138,BAKING SET 9 PIECE RETROSPOT,25,2011-03-06 16:33:00,5.45,10008,United Kingdom,customer_10008@example.com,90
540134,22197,POPCORN HOLDER,26,2011-03-06 16:33:00,0.81,10008,United Kingdom,customer_10008@example.com,2
540134,22411,JUMBO SHOPPER VINTAGE RED PAISLEY,26,2011-03-06 16:33:00,2.29,10008,United Kingdom,customer_10008@example.com,
540416,22197,POPCORN HOLDER,13,2011-03-06 16:49:00,0.85,10028,United Kingdom,customer_10028@example.com,2
540416,22411,JUMBO SHOPPER VINTAGE RED PAISLEY,39,2011-03-06 16:49:00,1.87,10028,United Kingdom,customer_10028@example.com,
540416,22961,JAM MAKING SET PRINTED,18,2011-03-06 16:49:00,1.3,10028,United Kingdom,customer_10028@example.com,-4
540416,22720,SET OF 3 CAKE TINS PANTRY DESIGN,17,2011-03-06 16:49:00,4.7,10028,United Kingdom,customer_10028@example.com,
540416,22383,LUNCH BAG SUKI DESIGN,8,2011-03-06 16:49:00,1.48,10028,United Kingdom,customer_10028@example.com,15
540236,82482,WOODEN PICTURE FRAME WHITE FINISH,29,2011-03-06 17:02:00,2.29,10013,United Kingdom,customer_10013@example.com,
540236,22666,RECIPE BOX PANTRY DESIGN,35,2011-03-06 17:02:00,3.25,10013,United Kingdom,customer_10013@example.com,
540236,22722,SET OF 6 SPICE TINS PANTRY DESIGN,11,2011-03-06 17:02:00,3.95,10013,United Kingdom,customer_10013@example.com,45
540236,84879,ASSORTED COLOUR BIRD ORNAMENT,25,2011-03-06 17:02:00,1.69,10013,United Kingdom,customer_10013@example.com,90
540194,22423,REGENCY CAKESTAND 3 TIER,33,2011-03-07 11:41:00,12.75,10011,United Kingdom,customer_10011@example.com,
540194,22386,JUMBO BAG PINK POLKADOT,6,2011-03-07 11:41:00,1.87,10011,United Kingdom,customer_10011@example.com,
540194,22086,PAPER CHAIN KIT 50'S CHRISTMAS,22,2011-03-07 11:41:00,2.66,10011,United Kingdom,customer_10011@example.com,
540194,22699,ROSES REGENCY TEACUP AND SAUCER,38,2011-03-07 11:41:00,2.8,10011,United Kingdom,customer_10011@example.com,
540194,22960,JAM MAKING SET WITH JARS,41,2011-03-07 11:41:00,4.68,10011,United Kingdom,customer_10011@example.com,15
540385,22386,JUMBO BAG PINK POLKADOT,20,2011-03-07 13:28:00,2.29,10024,EIRE,customer_10024@example.com,
540385,22197,POPCORN HOLDER,23,2011-03-07 13:28:00,0.77,10024,EIRE,customer_10024@example.com,2
540356,22411,JUMBO SHOPPER VINTAGE RED PAISLEY,20,2011-03-07 14:31:00,1.98,10021,United Kingdom,customer_10021@example.com,
540356,22722,SET OF 6 SPICE TINS PANTRY DESIGN,34,2011-03-07 14:31:00,3.75,10021,United Kingdom,customer_10021@example.com,45
540356,85123A,WHITE HANGING HEART T-LIGHT HOLDER,38,2011-03-07 14:31:00,2.29,10021,United Kingdom,customer_10021@example.com,25
540356,22138,BAKING SET 9 PIECE RETROSPOT,19,2011-03-07 14:31:00,4.95,10021,United Kingdom,customer_10021@example.com,90
540464,21733,RED HANGING HEART T-LIGHT HOLDER,11,2011-03-07 17:17:00,2.66,10035,United Kingdom,customer_10035@example.com,90
540464,21931,JUMBO STORAGE BAG SUKI,3,2011-03-07 17:17:00,1.98,10035,United Kingdom,customer_10035@example.com,
540464,22086,PAPER CHAIN KIT 50'S CHRISTMAS,1,2011-03-07 17:17:00,2.8,10035,United Kingdom,customer_10035@example.com,
540078,21733,RED HANGING HEART T-LIGHT HOLDER,9,2011-03-08 11:43:00,3.25,10005,United Kingdom,customer_10005@example.com,90
540078,84879,ASSORTED COLOUR BIRD ORNAMENT,14,2011-03-08 11:43:00,1.69,10005,United Kingdom,customer_10005@example.com,90
540078,20725,LUNCH BAG RED RETROSPOT,27,2011-03-08 11:43:00,1.81,10005,United Kingdom,customer_10005@example.com,90
540078,22961,JAM MAKING SET PRINTED,41,2011-03-08 11:43:00,1.59,10005,United Kingdom,customer_10005@example.com,-4
540311,22698,PINK REGENCY TEACUP AND SAUCER,14,2011-03-08 13:23:00,2.66,10017,United Kingdom,customer_10017@example.com,
540311,20725,LUNCH BAG RED RETROSPOT,27,2011-03-08 13:23:00,1.57,10017,United Kingdom,customer_10017@example.com,90
540311,22961,JAM MAKING SET PRINTED,8,2011-03-08 13:23:00,1.3,10017,United Kingdom,customer_10017@example.com,-4
540504,22961,JAM MAKING SET PRINTED,8,2011-03-08 14:45:00,1.38,10042,United Kingdom,customer_10042@example.com,-4
540504,22960,JAM MAKING SET WITH JARS,4,2011-03-08 14:45:00,4.68,10042,United Kingdom,customer_10042@example.com,15
540254,22423,REGENCY CAKESTAND 3 TIER,7,2011-03-08 16:34:00,12.11,10014,United Kingdom,customer_10014@example.com,
540254,84077,WORLD WAR 2 GLIDERS ASSTD DESIGNS,44,2011-03-08 16:34:00,0.28,10014,United Kingdom,customer_10014@example.com,
540254,47566,PARTY BUNTING,9,2011-03-08 16:34:00,4.46,10014,United Kingdom,customer_10014@example.com,
540255,22720,SET OF 3 CAKE TINS PANTRY DESIGN,13,2011-03-09 09:21:00,4.7,10014,United Kingdom,customer_10014@example.com,
540255,21034,REX CASH+CARRY JUMBO SHOPPER,7,2011-03-09 09:21:00,0.85,10014,United Kingdom,customer_10014@example.com,
540255,22697,GREEN REGENCY TEACUP AND SAUCER,29,2011-03-09 09:21:00,3.25,10014,United Kingdom,customer_10014@example.com,
540255,22197,POPCORN HOLDER,43,2011-03-09 09:21:00,0.81,10014,United Kingdom,customer_10014@example.com,2
540255,85099B,JUMBO BAG RED RETROSPOT,26,2011-03-09 09:21:00,1.98,10014,United Kingdom,customer_10014@example.com,
540312,22698,PINK REGENCY TEACUP AND SAUCER,13,2011-03-09 16:39:00,2.8,10017,United Kingdom,customer_10017@example.com,
540312,22722,SET OF 6 SPICE TINS PANTRY DESIGN,27,2011-03-09 16:39:00,3.95,10017,United Kingdom,customer_10017@example.com,45
540312,84879,ASSORTED COLOUR BIRD ORNAMENT,31,2011-03-09 16:39:00,1.77,10017,United Kingdom,customer_10017@example.com,90
540549,21034,REX CASH+CARRY JUMBO SHOPPER,7,2011-03-10 09:08:00,1.04,10050,United Kingdom,customer_10050@example.com,
540599,84077,WORLD WAR 2 GLIDERS ASSTD DESIGNS,12,2011-03-10 10:38:00,0.3,10062,United Kingdom,customer_10062@example.com,
540599,22386,JUMBO BAG PINK POLKADOT,11,2011-03-10 10:38:00,2.08,10062,United Kingdom,customer_10062@example.com,
540599,21212,PACK OF 72 RETROSPOT CAKE CASES,7,2011-03-10 10:38:00,0.61,10062,United Kingdom,customer_10062@example.com,15
540386,22698,PINK REGENCY TEACUP AND SAUCER,46,2011-03-10 17:27:00,2.8,10024,EIRE,customer_10024@example.com,
540386,21034,REX CASH+CARRY JUMBO SHOPPER,37,2011-03-10 17:27:00,1.0,10024,EIRE,customer_10024@example.com,
540386,85099B,JUMBO BAG RED RETROSPOT,36,2011-03-10 17:27:00,1.98,10024,EIRE,customer_10024@example.com,
540386,22197,POPCORN HOLDER,17,2011-03-10 17:27:00,0.77,10024,EIRE,customer_10024@example.com,2
540532,22960,JAM MAKING SET WITH JARS,6,2011-03-11 10:17:00,4.46,10047,United Kingdom,customer_10047@example.com,15
540387,20728,LUNCH BAG CARS BLUE,12,2011-03-11 14:50:00,1.73,10024,EIRE,customer_10024@example.com,15
540387,21931,JUMBO STORAGE BAG SUKI,9,2011-03-11 14:50:00,1.98,10024,EIRE,customer_10024@example.com,
540387,82482,WOODEN PICTURE FRAME WHITE FINISH,22,2011-03-11 14:50:00,2.42,10024,EIRE,customer_10024@example.com,
540387,22383,LUNCH BAG SUKI DESIGN,9,2011-03-11 14:50:00,1.81,10024,EIRE,customer_10024@example.com,15
540324,22697,GREEN REGENCY TEACUP AND SAUCER,45,2011-03-11 17:19:00,2.8,10018,France,customer_10018@example.com,
540324,22720,SET OF 3 CAKE TINS PANTRY DESIGN,18,2011-03-11 17:19:00,4.7,10018,France,customer_10018@example.com,
540324,21754,HOME BUILDING BLOCK WORD,47,2011-03-11 17:19:00,5.65,10018,France,customer_10018@example.com,
540324,82482,WOODEN PICTURE FRAME WHITE FINISH,46,2011-03-11 17:19:00,2.81,10018,France,customer_10018@example.com,
540324,22698,PINK REGENCY TEACUP AND SAUCER,28,2011-03-11 17:19:00,2.95,10018,France,customer_10018@example.com,
540155,22698,PINK REGENCY TEACUP AND SAUCER,8,2011-03-12 09:35:00,2.66,10009,United Kingdom,customer_10009@example.com,
540155,22699,ROSES REGENCY TEACUP AND SAUCER,31,2011-03-12 09:35:00,2.66,10009,United Kingdom,customer_10009@example.com,
540155,22383,LUNCH BAG SUKI DESIGN,43,2011-03-12 09:35:00,1.57,10009,United Kingdom,customer_10009@example.com,15
540155,21034,REX CASH+CARRY JUMBO SHOPPER,6,2011-03-12 09:35:00,0.95,10009,United Kingdom,customer_10009@example.com,
540417,22386,JUMBO BAG PINK POLKADOT,48,2011-03-12 12:06:00,2.18,10028,United Kingdom,customer_10028@example.com,
540418,20727,LUNCH BAG BLACK SKULL.,6,2011-03-12 13:03:00,1.48,10028,United Kingdom,customer_10028@example.com,15
540418,22697,GREEN REGENCY TEACUP AND SAUCER,11,2011-03-12 13:03:00,3.1,10028,United Kingdom,customer_10028@example.com,
540418,22411,JUMBO SHOPPER VINTAGE RED PAISLEY,47,2011-03-12 13:03:00,1.98,10028,United Kingdom,customer_10028@example.com,
540100,47566,PARTY BUNTING,16,2011-03-12 15:09:00,5.45,10006,United Kingdom,customer_10006@example.com,
540100,21733,RED HANGING HEART T-LIGHT HOLDER,8,2011-03-12 15:09:00,3.1,10006,United Kingdom,customer_10006@example.com,90
540561,20728,LUNCH BAG CARS BLUE,3,2011-03-13 11:02:00,1.73,10052,United Kingdom,customer_10052@example.com,15
540561,22423,REGENCY CAKESTAND 3 TIER,8,2011-03-13 11:02:00,13.39,10052,United Kingdom,customer_10052@example.com,
540561,22386,JUMBO BAG PINK POLKADOT,2,2011-03-13 11:02:00,1.98,10052,United Kingdom,customer_10052@example.com,
540033,22423,REGENCY CAKESTAND 3 TIER,24,2011-03-13 11:17:00,14.03,10003,France,customer_10003@example.com,
540325,22086,PAPER CHAIN KIT 50'S CHRISTMAS,43,2011-03-13 11:32:00,3.1,10018,France,customer_10018@example.com,
540325,22720,SET OF 3 CAKE TINS PANTRY DESIGN,48,2011-03-13 11:32:00,5.45,10018,France,customer_10018@example.com,
540325,20725,LUNCH BAG RED RETROSPOT,40,2011-03-13 11:32:00,1.73,10018,France,customer_10018@example.com,90
540325,22178,VICTORIAN GLASS HANGING T-LIGHT,33,2011-03-13 11:32:00,1.25,10018,France,customer_10018@example.com,-4
540325,22697,GREEN REGENCY TEACUP AND SAUCER,41,2011-03-13 11:32:00,2.95,10018,France,customer_10018@example.com,
540195,22178,VICTORIAN GLASS HANGING T-LIGHT,36,2011-03-13 12:28:00,1.12,10011,United Kingdom,customer_10011@example.com,-4
540195,22666,RECIPE BOX PANTRY DESIGN,28,2011-03-13 12:28:00,2.8,10011,United Kingdom,customer_10011@example.com,
540195,22960,JAM MAKING SET WITH JARS,38,2011-03-13 12:28:00,4.68,10011,United Kingdom,customer_10011@example.com,15
540562,47566,PARTY BUNTING,9,2011-03-13 12:56:00,5.45,10052,United Kingdom,customer_10052@example.com,
540562,22411,JUMBO SHOPPER VINTAGE RED PAISLEY,3,2011-03-13 12:56:00,2.29,10052,United Kingdom,customer_10052@example.com,
540196,20725,LUNCH BAG RED RETROSPOT,28,2011-03-13 15:58:00,1.57,10011,United Kingdom,customer_10011@example.com,90
540135,22383,LUNCH BAG SUKI DESIGN,44,2011-03-13 17:53:00,1.48,10008,United Kingdom,customer_10008@example.com,15
540135,21931,JUMBO STORAGE BAG SUKI,7,2011-03-13 17:53:00,2.18,10008,United Kingdom,customer_10008@example.com,
540135,84077,WORLD WAR 2 GLIDERS ASSTD DESIGNS,27,2011-03-13 17:53:00,0.29,10008,United Kingdom,customer_10008@example.com,
540135,22697,GREEN REGENCY TEACUP AND SAUCER,32,2011-03-13 17:53:00,2.66,10008,United Kingdom,customer_10008@example.com,
540135,22386,JUMBO BAG PINK POLKADOT,25,2011-03-13 17:53:00,2.29,10008,United Kingdom,customer_10008@example.com,
540156,21754,HOME BUILDING BLOCK WORD,36,2011-03-14 10:34:00,5.36,10009,United Kingdom,customer_10009@example.com,
540357,22697,GREEN REGENCY TEACUP AND SAUCER,27,2011-03-14 11:23:00,3.1,10021,United Kingdom,customer_10021@example.com,
540357,21733,RED HANGING HEART T-LIGHT HOLDER,36,2011-03-14 11:23:00,2.66,10021,United Kingdom,customer_10021@example.com,90
540357,20725,LUNCH BAG RED RETROSPOT,36,2011-03-14 11:23:00,1.73,10021,United Kingdom,customer_10021@example.com,90
540357,22699,ROSES REGENCY TEACUP AND SAUCER,43,2011-03-14 11:23:00,2.8,10021,United Kingdom,customer_10021@example.com,
540357,20727,LUNCH BAG BLACK SKULL.,47,2011-03-14 11:23:00,1.57,10021,United Kingdom,customer_10021@example.com,15
540116,22423,REGENCY CAKESTAND 3 TIER,34,2011-03-14 14:23:00,12.75,10007,United Kingdom,customer_10007@example.com,
540116,22386,JUMBO BAG PINK POLKADOT,29,2011-03-14 14:23:00,2.18,10007,United Kingdom,customer_10007@example.com,
540116,22411,JUMBO SHOPPER VINTAGE RED PAISLEY,42,2011-03-14 14:23:00,1.87,10007,United Kingdom,customer_10007@example.com,
540116,22197,POPCORN HOLDER,39,2011-03-14 14:23:00,0.81,10007,United Kingdom,customer_10007@example.com,2
540079,82482,WOODEN PICTURE FRAME WHITE FINISH,44,2011-03-14 15:22:00,2.55,10005,United Kingdom,customer_10005@example.com,
540079,21754,HOME BUILDING BLOCK WORD,28,2011-03-14 15:22:00,5.95,10005,United Kingdom,customer_10005@example.com,
540079,22698,PINK REGENCY TEACUP AND SAUCER,42,2011-03-14 15:22:00,2.66,10005,United Kingdom,customer_10005@example.com,
540079,22423,REGENCY CAKESTAND 3 TIER,19,2011-03-14 15:22:00,14.03,10005,United Kingdom,customer_10005@example.com,
540060,22722,SET OF 6 SPICE TINS PANTRY DESIGN,24,2011-03-14 16:16:00,4.15,10004,United Kingdom,customer_10004@example.com,45
540326,22960,JAM MAKING SET WITH JARS,9,2011-03-14 17:06:00,4.04,10018,France,customer_10018@example.com,15
C540157,21754,Manual Return / Cancel HOME BUILDING BLOCK WORD,-2,2011-03-15 01:34:00,5.95,10009,United Kingdom,customer_10009@example.com,
540546,21034,REX CASH+CARRY JUMBO SHOPPER,6,2011-03-15 12:27:00,1.0,10049,United Kingdom,customer_10049@example.com,
540546,21733,RED HANGING HEART T-LIGHT HOLDER,11,2011-03-15 12:27:00,2.66,10049,United Kingdom,customer_10049@example.com,90
540197,84077,WORLD WAR 2 GLIDERS ASSTD DESIGNS,34,2011-03-15 16:50:00,0.26,10011,United Kingdom,customer_10011@example.com,
540197,22138,BAKING SET 9 PIECE RETROSPOT,36,2011-03-15 16:50:00,4.95,10011,United Kingdom,customer_10011@example.com,90
540573,21212,PACK OF 72 RETROSPOT CAKE CASES,9,2011-03-16 09:04:00,0.58,10055,United Kingdom,customer_10055@example.com,15
540573,22666,RECIPE BOX PANTRY DESIGN,2,2011-03-16 09:04:00,3.25,10055,United Kingdom,customer_10055@example.com,
540101,22666,RECIPE BOX PANTRY DESIGN,35,2011-03-16 12:28:00,3.1,10006,United Kingdom,customer_10006@example.com,
540101,21034,REX CASH+CARRY JUMBO SHOPPER,42,2011-03-16 12:28:00,0.95,10006,United Kingdom,customer_10006@example.com,
540101,22698,PINK REGENCY TEACUP AND SAUCER,18,2011-03-16 12:28:00,3.1,10006,United Kingdom,customer_10006@example.com,
540101,22178,VICTORIAN GLASS HANGING T-LIGHT,25,2011-03-16 12:28:00,1.19,10006,United Kingdom,customer_10006@example.com,-4
540101,22383,LUNCH BAG SUKI DESIGN,40,2011-03-16 12:28:00,1.57,10006,United Kingdom,customer_10006@example.com,15
540423,21931,JUMBO STORAGE BAG SUKI,34,2011-03-16 17:13:00,2.18,10029,Germany,customer_10029@example.com,
540423,21754,HOME BUILDING BLOCK WORD,6,2011-03-16 17:13:00,6.25,10029,Germany,customer_10029@example.com,
540423,22698,PINK REGENCY TEACUP AND SAUCER,24,2011-03-16 17:13:00,2.66,10029,Germany,customer_10029@example.com,
540423,22178,VICTORIAN GLASS HANGING T-LIGHT,29,2011-03-16 17:13:00,1.25,10029,Germany,customer_10029@example.com,-4
540637,20728,LUNCH BAG CARS BLUE,10,2011-03-16 17:57:00,1.73,10069,Germany,customer_10069@example.com,15
540637,85123A,WHITE HANGING HEART T-LIGHT HOLDER,6,2011-03-16 17:57:00,2.29,10069,Germany,customer_10069@example.com,25
540214,22197,POPCORN HOLDER,30,2011-03-17 12:48:00,0.89,10012,United Kingdom,customer_10012@example.com,2
540214,22386,JUMBO BAG PINK POLKADOT,10,2011-03-17 12:48:00,2.18,10012,United Kingdom,customer_10012@example.com,
540214,22086,PAPER CHAIN KIT 50'S CHRISTMAS,31,2011-03-17 12:48:00,2.66,10012,United Kingdom,customer_10012@example.com,
540214,84077,WORLD WAR 2 GLIDERS ASSTD DESIGNS,46,2011-03-17 12:48:00,0.29,10012,United Kingdom,customer_10012@example.com,
540639,22383,LUNCH BAG SUKI DESIGN,8,2011-03-17 14:10:00,1.57,10069,Germany,customer_10069@example.com,15
540639,22961,JAM MAKING SET PRINTED,5,2011-03-17 14:10:00,1.38,10069,Germany,customer_10069@example.com,-4
540639,21212,PACK OF 72 RETROSPOT CAKE CASES,9,2011-03-17 14:10:00,0.5,10069,Germany,customer_10069@example.com,15
540256,22386,JUMBO BAG PINK POLKADOT,14,2011-03-17 14:45:00,2.08,10014,United Kingdom,customer_10014@example.com,
540256,20725,LUNCH BAG RED RETROSPOT,33,2011-03-17 14:45:00,1.57,10014,United Kingdom,customer_10014@example.com,90
540256,22383,LUNCH BAG SUKI DESIGN,17,2011-03-17 14:45:00,1.65,10014,United Kingdom,customer_10014@example.com,15
540256,22720,SET OF 3 CAKE TINS PANTRY DESIGN,47,2011-03-17 14:45:00,5.2,10014,United Kingdom,customer_10014@example.com,
540638,21034,REX CASH+CARRY JUMBO SHOPPER,6,2011-03-17 15:20:00,0.9,10069,Germany,customer_10069@example.com,
540638,20725,LUNCH BAG RED RETROSPOT,12,2011-03-17 15:20:00,1.48,10069,Germany,customer_10069@example.com,90
540638,84077,WORLD WAR 2 GLIDERS ASSTD DESIGNS,9,2011-03-17 15:20:00,0.3,10069,Germany,customer_10069@example.com,
540582,47566,PARTY BUNTING,12,2011-03-17 16:16:00,5.45,10057,United Kingdom,customer_10057@example.com,
540582,85099B,JUMBO BAG RED RETROSPOT,11,2011-03-17 16:16:00,1.87,10057,United Kingdom,customer_10057@example.com,
540034,85123A,WHITE HANGING HEART T-LIGHT HOLDER,17,2011-03-18 11:40:00,2.55,10003,France,customer_10003@example.com,25
540034,20725,LUNCH BAG RED RETROSPOT,36,2011-03-18 11:40:00,1.65,10003,France,customer_10003@example.com,90
540034,22386,JUMBO BAG PINK POLKADOT,22,2011-03-18 11:40:00,1.87,10003,France,customer_10003@example.com,
540034,82482,WOODEN PICTURE FRAME WHITE FINISH,34,2011-03-18 11:40:00,2.68,10003,France,customer_10003@example.com,
540169,84077,WORLD WAR 2 GLIDERS ASSTD DESIGNS,29,2011-03-18 13:16:00,0.28,10010,United Kingdom,customer_10010@example.com,
540169,22722,SET OF 6 SPICE TINS PANTRY DESIGN,26,2011-03-18 13:16:00,4.15,10010,United Kingdom,customer_10010@example.com,45
540169,22138,BAKING SET 9 PIECE RETROSPOT,12,2011-03-18 13:16:00,5.2,10010,United Kingdom,customer_10010@example.com,90
540237,20727,LUNCH BAG BLACK SKULL.,40,2011-03-18 13:47:00,1.57,10013,United Kingdom,customer_10013@example.com,15
540237,22666,RECIPE BOX PANTRY DESIGN,15,2011-03-18 13:47:00,2.8,10013,United Kingdom,customer_10013@example.com,
540237,21212,PACK OF 72 RETROSPOT CAKE CASES,32,2011-03-18 13:47:00,0.5,10013,United Kingdom,customer_10013@example.com,15
540237,84077,WORLD WAR 2 GLIDERS ASSTD DESIGNS,28,2011-03-18 13:47:00,0.32,10013,United Kingdom,customer_10013@example.com,
540237,22386,JUMBO BAG PINK POLKADOT,20,2011-03-18 13:47:00,1.87,10013,United Kingdom,customer_10013@example.com,
540433,20725,LUNCH BAG RED RETROSPOT,21,2011-03-18 14:09:00,1.48,10030,United Kingdom,customer_10030@example.com,90
540475,21034,REX CASH+CARRY JUMBO SHOPPER,8,2011-03-18 16:58:00,0.9,10037,EIRE,customer_10037@example.com,
540475,22423,REGENCY CAKESTAND 3 TIER,11,2011-03-18 16:58:00,12.11,10037,EIRE,customer_10037@example.com,
540017,22961,JAM MAKING SET PRINTED,35,2011-03-19 11:45:00,1.59,10002,United Kingdom,customer_10002@example.com,-4
540017,84879,ASSORTED COLOUR BIRD ORNAMENT,27,2011-03-19 11:45:00,1.77,10002,United Kingdom,customer_10002@example.com,90
540136,22386,JUMBO BAG PINK POLKADOT,16,2011-03-19 12:46:00,2.18,10008,United Kingdom,customer_10008@example.com,
540117,85123A,WHITE HANGING HEART T-LIGHT HOLDER,13,2011-03-19 14:41:00,2.81,10007,United Kingdom,customer_10007@example.com,25
540117,20727,LUNCH BAG BLACK SKULL.,37,2011-03-19 14:41:00,1.57,10007,United Kingdom,customer_10007@example.com,15
540117,20725,LUNCH BAG RED RETROSPOT,30,2011-03-19 14:41:00,1.81,10007,United Kingdom,customer_10007@example.com,90
540035,22960,JAM MAKING SET WITH JARS,10,2011-03-19 16:07:00,4.46,10003,France,customer_10003@example.com,15
540476,22666,RECIPE BOX PANTRY DESIGN,12,2011-03-19 17:57:00,3.1,10037,EIRE,customer_10037@example.com,
540476,21034,REX CASH+CARRY JUMBO SHOPPER,9,2011-03-19 17:57:00,0.85,10037,EIRE,customer_10037@example.com,
540313,82482,WOODEN PICTURE FRAME WHITE FINISH,13,2011-03-20 13:53:00,2.42,10017,United Kingdom,customer_10017@example.com,
540313,21034,REX CASH+CARRY JUMBO SHOPPER,12,2011-03-20 13:53:00,0.9,10017,United Kingdom,customer_10017@example.com,
540313,84077,WORLD WAR 2 GLIDERS ASSTD DESIGNS,9,2011-03-20 13:53:00,0.28,10017,United Kingdom,customer_10017@example.com,
540313,22697,GREEN REGENCY TEACUP AND SAUCER,47,2011-03-20 13:53:00,3.1,10017,United Kingdom,customer_10017@example.com,
540080,21212,PACK OF 72 RETROSPOT CAKE CASES,29,2011-03-20 16:14:00,0.61,10005,United Kingdom,customer_10005@example.com,15
540018,22960,JAM MAKING SET WITH JARS,42,2011-03-21 12:53:00,3.83,10002,United Kingdom,customer_10002@example.com,15
540018,22722,SET OF 6 SPICE TINS PANTRY DESIGN,36,2011-03-21 12:53:00,4.15,10002,United Kingdom,customer_10002@example.com,45
540018,22178,VICTORIAN GLASS HANGING T-LIGHT,28,2011-03-21 12:53:00,1.12,10002,United Kingdom,customer_10002@example.com,-4
540018,22386,JUMBO BAG PINK POLKADOT,30,2011-03-21 12:53:00,2.08,10002,United Kingdom,customer_10002@example.com,
540477,85123A,WHITE HANGING HEART T-LIGHT HOLDER,6,2011-03-21 14:35:00,2.55,10037,EIRE,customer_10037@example.com,25
540477,85099B,JUMBO BAG RED RETROSPOT,3,2011-03-21 14:35:00,1.87,10037,EIRE,customer_10037@example.com,
540477,22386,JUMBO BAG PINK POLKADOT,1,2011-03-21 14:35:00,2.08,10037,EIRE,customer_10037@example.com,
540102,21733,RED HANGING HEART T-LIGHT HOLDER,29,2011-03-21 15:32:00,3.1,10006,United Kingdom,customer_10006@example.com,90
540102,22961,JAM MAKING SET PRINTED,14,2011-03-21 15:32:00,1.59,10006,United Kingdom,customer_10006@example.com,-4
540102,47566,PARTY BUNTING,9,2011-03-21 15:32:00,4.95,10006,United Kingdom,customer_10006@example.com,
540102,21034,REX CASH+CARRY JUMBO SHOPPER,13,2011-03-21 15:32:00,1.04,10006,United Kingdom,customer_10006@example.com,
540102,85099B,JUMBO BAG RED RETROSPOT,12,2011-03-21 15:32:00,2.29,10006,United Kingdom,customer_10006@example.com,
540198,22383,LUNCH BAG SUKI DESIGN,13,2011-03-21 16:20:00,1.48,10011,United Kingdom,customer_10011@example.com,15
540257,21034,REX CASH+CARRY JUMBO SHOPPER,30,2011-03-21 17:44:00,0.9,10014,United Kingdom,customer_10014@example.com,
540257,21212,PACK OF 72 RETROSPOT CAKE CASES,24,2011-03-21 17:44:00,0.55,10014,United Kingdom,customer_10014@example.com,15
540257,22699,ROSES REGENCY TEACUP AND SAUCER,42,2011-03-21 17:44:00,2.66,10014,United Kingdom,customer_10014@example.com,
540257,22386,JUMBO BAG PINK POLKADOT,42,2011-03-21 17:44:00,2.18,10014,United Kingdom,customer_10014@example.com,
540257,20727,LUNCH BAG BLACK SKULL.,17,2011-03-21 17:44:00,1.57,10014,United Kingdom,customer_10014@example.com,15
C540199,22383,Manual Return / Cancel LUNCH BAG SUKI DESIGN,-1,2011-03-22 04:20:00,1.65,10011,United Kingdom,customer_10011@example.com,
540200,47566,PARTY BUNTING,41,2011-03-22 11:59:00,4.95,10011,United Kingdom,customer_10011@example.com,
540200,22138,BAKING SET 9 PIECE RETROSPOT,16,2011-03-22 11:59:00,5.45,10011,United Kingdom,customer_10011@example.com,90
540526,21034,REX CASH+CARRY JUMBO SHOPPER,7,2011-03-22 13:21:00,1.04,10046,United Kingdom,customer_10046@example.com,
540526,20728,LUNCH BAG CARS BLUE,5,2011-03-22 13:21:00,1.48,10046,United Kingdom,customer_10046@example.com,15
540517,22197,POPCORN HOLDER,2,2011-03-22 13:31:00,0.94,10044,United Kingdom,customer_10044@example.com,2
540081,21034,REX CASH+CARRY JUMBO SHOPPER,45,2011-03-22 13:36:00,1.04,10005,United Kingdom,customer_10005@example.com,
540081,22961,JAM MAKING SET PRINTED,47,2011-03-22 13:36:00,1.59,10005,United Kingdom,customer_10005@example.com,-4
540315,22699,ROSES REGENCY TEACUP AND SAUCER,48,2011-03-22 14:00:00,2.95,10017,United Kingdom,customer_10017@example.com,
540315,22386,JUMBO BAG PINK POLKADOT,33,2011-03-22 14:00:00,1.87,10017,United Kingdom,customer_10017@example.com,
540315,22178,VICTORIAN GLASS HANGING T-LIGHT,39,2011-03-22 14:00:00,1.25,10017,United Kingdom,customer_10017@example.com,-4
540315,20727,LUNCH BAG BLACK SKULL.,36,2011-03-22 14:00:00,1.57,10017,United Kingdom,customer_10017@example.com,15
540315,22698,PINK REGENCY TEACUP AND SAUCER,45,2011-03-22 14:00:00,3.25,10017,United Kingdom,customer_10017@example.com,
C540258,21034,Manual Return / Cancel REX CASH+CARRY JUMBO SHOPPER,-3,2011-03-22 14:44:00,0.95,10014,United Kingdom,customer_10014@example.com,
540554,47566,PARTY BUNTING,1,2011-03-22 16:31:00,4.46,10051,EIRE,customer_10051@example.com,
540314,22666,RECIPE BOX PANTRY DESIGN,14,2011-03-22 16:51:00,2.66,10017,United Kingdom,customer_10017@example.com,
540314,22960,JAM MAKING SET WITH JARS,8,2011-03-22 16:51:00,4.46,10017,United Kingdom,customer_10017@example.com,15
540314,22411,JUMBO SHOPPER VINTAGE RED PAISLEY,32,2011-03-22 16:51:00,1.87,10017,United Kingdom,customer_10017@example.com,
540314,22699,ROSES REGENCY TEACUP AND SAUCER,45,2011-03-22 16:51:00,2.95,10017,United Kingdom,customer_10017@example.com,
540314,47566,PARTY BUNTING,37,2011-03-22 16:51:00,5.2,10017,United Kingdom,customer_10017@example.com,
540485,47566,PARTY BUNTING,2,2011-03-23 10:17:00,4.95,10039,Germany,customer_10039@example.com,
540158,21212,PACK OF 72 RETROSPOT CAKE CASES,30,2011-03-23 11:49:00,0.58,10009,United Kingdom,customer_10009@example.com,15
540158,22722,SET OF 6 SPICE TINS PANTRY DESIGN,48,2011-03-23 11:49:00,3.56,10009,United Kingdom,customer_10009@example.com,45
540158,22960,JAM MAKING SET WITH JARS,14,2011-03-23 11:49:00,4.68,10009,United Kingdom,customer_10009@example.com,15
540158,22666,RECIPE BOX PANTRY DESIGN,13,2011-03-23 11:49:00,2.95,10009,United Kingdom,customer_10009@example.com,
540614,21212,PACK OF 72 RETROSPOT CAKE CASES,12,2011-03-23 13:37:00,0.61,10065,United Kingdom,customer_10065@example.com,15
540614,47566,PARTY BUNTING,4,2011-03-23 13:37:00,5.45,10065,United Kingdom,customer_10065@example.com,
540118,85099B,JUMBO BAG RED RETROSPOT,18,2011-03-23 13:45:00,2.18,10007,United Kingdom,customer_10007@example.com,
540118,22411,JUMBO SHOPPER VINTAGE RED PAISLEY,14,2011-03-23 13:45:00,1.87,10007,United Kingdom,customer_10007@example.com,
540118,22383,LUNCH BAG SUKI DESIGN,34,2011-03-23 13:45:00,1.48,10007,United Kingdom,customer_10007@example.com,15
540118,22697,GREEN REGENCY TEACUP AND SAUCER,34,2011-03-23 13:45:00,2.8,10007,United Kingdom,customer_10007@example.com,
540281,22699,ROSES REGENCY TEACUP AND SAUCER,21,2011-03-23 17:25:00,2.66,10015,United Kingdom,customer_10015@example.com,
C540486,47566,Manual Return / Cancel PARTY BUNTING,-1,2011-03-24 07:17:00,4.95,10039,Germany,customer_10039@example.com,
540238,22178,VICTORIAN GLASS HANGING T-LIGHT,25,2011-03-24 09:21:00,1.31,10013,United Kingdom,customer_10013@example.com,-4
540170,22197,POPCORN HOLDER,43,2011-03-24 09:36:00,0.94,10010,United Kingdom,customer_10010@example.com,2
540170,22698,PINK REGENCY TEACUP AND SAUCER,22,2011-03-24 09:36:00,2.66,10010,United Kingdom,customer_10010@example.com,
540555,20728,LUNCH BAG CARS BLUE,8,2011-03-24 13:13:00,1.81,10051,EIRE,customer_10051@example.com,15
540555,22720,SET OF 3 CAKE TINS PANTRY DESIGN,2,2011-03-24 13:13:00,4.46,10051,EIRE,customer_10051@example.com,
540019,20727,LUNCH BAG BLACK SKULL.,48,2011-03-24 15:34:00,1.65,10002,United Kingdom,customer_10002@example.com,15
540019,84077,WORLD WAR 2 GLIDERS ASSTD DESIGNS,16,2011-03-24 15:34:00,0.3,10002,United Kingdom,customer_10002@example.com,
540019,21034,REX CASH+CARRY JUMBO SHOPPER,23,2011-03-24 15:34:00,0.9,10002,United Kingdom,customer_10002@example.com,
540019,22722,SET OF 6 SPICE TINS PANTRY DESIGN,30,2011-03-24 15:34:00,3.56,10002,United Kingdom,customer_10002@example.com,45
540019,22411,JUMBO SHOPPER VINTAGE RED PAISLEY,37,2011-03-24 15:34:00,2.18,10002,United Kingdom,customer_10002@example.com,
540640,20727,LUNCH BAG BLACK SKULL.,12,2011-03-25 13:36:00,1.48,10069,Germany,customer_10069@example.com,15
540640,21034,REX CASH+CARRY JUMBO SHOPPER,12,2011-03-25 13:36:00,1.04,10069,Germany,customer_10069@example.com,
540487,22720,SET OF 3 CAKE TINS PANTRY DESIGN,10,2011-03-26 12:34:00,4.95,10039,Germany,customer_10039@example.com,
540487,21931,JUMBO STORAGE BAG SUKI,3,2011-03-26 12:34:00,2.08,10039,Germany,customer_10039@example.com,
540424,20727,LUNCH BAG BLACK SKULL.,38,2011-03-26 17:08:00,1.81,10029,Germany,customer_10029@example.com,15
540424,22383,LUNCH BAG SUKI DESIGN,23,2011-03-26 17:08:00,1.48,10029,Germany,customer_10029@example.com,15
540424,85123A,WHITE HANGING HEART T-LIGHT HOLDER,26,2011-03-26 17:08:00,2.42,10029,Germany,customer_10029@example.com,25
540566,84879,ASSORTED COLOUR BIRD ORNAMENT,4,2011-03-27 10:28:00,1.77,10053,United Kingdom,customer_10053@example.com,90
540566,20727,LUNCH BAG BLACK SKULL.,1,2011-03-27 10:28:00,1.81,10053,United Kingdom,customer_10053@example.com,15
540020,22386,JUMBO BAG PINK POLKADOT,22,2011-03-28 11:39:00,1.87,10002,United Kingdom,customer_10002@example.com,
540020,22960,JAM MAKING SET WITH JARS,17,2011-03-28 11:39:00,4.46,10002,United Kingdom,customer_10002@example.com,15
540020,21754,HOME BUILDING BLOCK WORD,14,2011-03-28 11:39:00,6.25,10002,United Kingdom,customer_10002@example.com,
540020,85123A,WHITE HANGING HEART T-LIGHT HOLDER,11,2011-03-28 11:39:00,2.29,10002,United Kingdom,customer_10002@example.com,25
540020,22699,ROSES REGENCY TEACUP AND SAUCER,26,2011-03-28 11:39:00,3.1,10002,United Kingdom,customer_10002@example.com,
540628,22138,BAKING SET 9 PIECE RETROSPOT,9,2011-03-28 12:18:00,5.45,10067,United Kingdom,customer_10067@example.com,90
540628,20728,LUNCH BAG CARS BLUE,1,2011-03-28 12:18:00,1.48,10067,United Kingdom,customer_10067@example.com,15
540628,84077,WORLD WAR 2 GLIDERS ASSTD DESIGNS,6,2011-03-28 12:18:00,0.32,10067,United Kingdom,customer_10067@example.com,
540021,20728,LUNCH BAG CARS BLUE,11,2011-03-28 14:21:00,1.65,10002,United Kingdom,customer_10002@example.com,15
540021,22178,VICTORIAN GLASS HANGING T-LIGHT,7,2011-03-28 14:21:00,1.31,10002,United Kingdom,customer_10002@example.com,-4
540021,21733,RED HANGING HEART T-LIGHT HOLDER,9,2011-03-28 14:21:00,3.25,10002,United Kingdom,customer_10002@example.com,90
540021,22961,JAM MAKING SET PRINTED,20,2011-03-28 14:21:00,1.45,10002,United Kingdom,customer_10002@example.com,-4
540008,20725,LUNCH BAG RED RETROSPOT,33,2011-03-28 14:27:00,1.48,10001,United Kingdom,customer_10001@example.com,90
540008,22386,JUMBO BAG PINK POLKADOT,29,2011-03-28 14:27:00,1.98,10001,United Kingdom,customer_10001@example.com,
540008,22138,BAKING SET 9 PIECE RETROSPOT,22,2011-03-28 14:27:00,4.7,10001,United Kingdom,customer_10001@example.com,90
540008,22722,SET OF 6 SPICE TINS PANTRY DESIGN,48,2011-03-28 14:27:00,4.35,10001,United Kingdom,customer_10001@example.com,45
540008,22960,JAM MAKING SET WITH JARS,39,2011-03-28 14:27:00,3.83,10001,United Kingdom,customer_10001@example.com,15
540119,21931,JUMBO STORAGE BAG SUKI,29,2011-03-29 14:42:00,1.98,10007,United Kingdom,customer_10007@example.com,
540119,84879,ASSORTED COLOUR BIRD ORNAMENT,16,2011-03-29 14:42:00,1.69,10007,United Kingdom,customer_10007@example.com,90
540119,22697,GREEN REGENCY TEACUP AND SAUCER,24,2011-03-29 14:42:00,3.25,10007,United Kingdom,customer_10007@example.com,
540171,22720,SET OF 3 CAKE TINS PANTRY DESIGN,21,2011-03-29 15:18:00,5.45,10010,United Kingdom,customer_10010@example.com,
540171,85099B,JUMBO BAG RED RETROSPOT,30,2011-03-29 15:18:00,1.98,10010,United Kingdom,customer_10010@example.com,
540592,21034,REX CASH+CARRY JUMBO SHOPPER,12,2011-03-29 16:18:00,1.0,10060,United Kingdom,customer_10060@example.com,
540120,21034,REX CASH+CARRY JUMBO SHOPPER,41,2011-03-30 10:12:00,0.95,10007,United Kingdom,customer_10007@example.com,
540120,20727,LUNCH BAG BLACK SKULL.,7,2011-03-30 10:12:00,1.73,10007,United Kingdom,customer_10007@example.com,15
540082,20728,LUNCH BAG CARS BLUE,27,2011-03-30 13:01:00,1.65,10005,United Kingdom,customer_10005@example.com,15
540082,22697,GREEN REGENCY TEACUP AND SAUCER,6,2011-03-30 13:01:00,2.95,10005,United Kingdom,customer_10005@example.com,
540215,22666,RECIPE BOX PANTRY DESIGN,6,2011-03-30 13:44:00,3.25,10012,United Kingdom,customer_10012@example.com,
540215,84077,WORLD WAR 2 GLIDERS ASSTD DESIGNS,35,2011-03-30 13:44:00,0.26,10012,United Kingdom,customer_10012@example.com,
540215,22720,SET OF 3 CAKE TINS PANTRY DESIGN,10,2011-03-30 13:44:00,4.95,10012,United Kingdom,customer_10012@example.com,
540159,22197,POPCORN HOLDER,25,2011-03-30 17:25:00,0.77,10009,United Kingdom,customer_10009@example.com,2
540159,22698,PINK REGENCY TEACUP AND SAUCER,40,2011-03-30 17:25:00,3.1,10009,United Kingdom,customer_10009@example.com,
540159,20727,LUNCH BAG BLACK SKULL.,40,2011-03-30 17:25:00,1.73,10009,United Kingdom,customer_10009@example.com,15
540159,21733,RED HANGING HEART T-LIGHT HOLDER,20,2011-03-30 17:25:00,3.1,10009,United Kingdom,customer_10009@example.com,90
540159,85123A,WHITE HANGING HEART T-LIGHT HOLDER,35,2011-03-30 17:25:00,2.42,10009,United Kingdom,customer_10009@example.com,25
540604,21733,RED HANGING HEART T-LIGHT HOLDER,5,2011-03-31 10:34:00,3.25,10063,United Kingdom,customer_10063@example.com,90
540604,21212,PACK OF 72 RETROSPOT CAKE CASES,3,2011-03-31 10:34:00,0.5,10063,United Kingdom,customer_10063@example.com,15
540604,22197,POPCORN HOLDER,8,2011-03-31 10:34:00,0.85,10063,United Kingdom,customer_10063@example.com,2
540646,20728,LUNCH BAG CARS BLUE,4,2011-03-31 13:41:00,1.81,10070,United Kingdom,customer_10070@example.com,15
540009,20725,LUNCH BAG RED RETROSPOT,26,2011-03-31 14:39:00,1.73,10001,United Kingdom,customer_10001@example.com,90
540009,82482,WOODEN PICTURE FRAME WHITE FINISH,48,2011-03-31 14:39:00,2.55,10001,United Kingdom,customer_10001@example.com,
540009,22699,ROSES REGENCY TEACUP AND SAUCER,38,2011-03-31 14:39:00,2.95,10001,United Kingdom,customer_10001@example.com,
540036,22386,JUMBO BAG PINK POLKADOT,13,2011-04-01 09:09:00,1.98,10003,France,customer_10003@example.com,
540036,21034,REX CASH+CARRY JUMBO SHOPPER,11,2011-04-01 09:09:00,0.95,10003,France,customer_10003@example.com,
540437,20728,LUNCH BAG CARS BLUE,5,2011-04-02 09:04:00,1.48,10031,United Kingdom,customer_10031@example.com,15
540437,22699,ROSES REGENCY TEACUP AND SAUCER,2,2011-04-02 09:04:00,2.95,10031,United Kingdom,customer_10031@example.com,
540061,22086,PAPER CHAIN KIT 50'S CHRISTMAS,12,2011-04-02 11:04:00,3.1,10004,United Kingdom,customer_10004@example.com,
540061,21212,PACK OF 72 RETROSPOT CAKE CASES,22,2011-04-02 11:04:00,0.58,10004,United Kingdom,customer_10004@example.com,15
540061,22386,JUMBO BAG PINK POLKADOT,25,2011-04-02 11:04:00,2.18,10004,United Kingdom,customer_10004@example.com,
540061,22383,LUNCH BAG SUKI DESIGN,30,2011-04-02 11:04:00,1.57,10004,United Kingdom,customer_10004@example.com,15
540617,21733,RED HANGING HEART T-LIGHT HOLDER,4,2011-04-02 11:28:00,3.25,10066,United Kingdom,customer_10066@example.com,90
540617,47566,PARTY BUNTING,4,2011-04-02 11:28:00,5.2,10066,United Kingdom,customer_10066@example.com,
540617,20725,LUNCH BAG RED RETROSPOT,7,2011-04-02 11:28:00,1.65,10066,United Kingdom,customer_10066@example.com,90
540488,22722,SET OF 6 SPICE TINS PANTRY DESIGN,1,2011-04-03 10:19:00,4.15,10039,Germany,customer_10039@example.com,45
540488,22720,SET OF 3 CAKE TINS PANTRY DESIGN,1,2011-04-03 10:19:00,4.7,10039,Germany,customer_10039@example.com,
540488,21931,JUMBO STORAGE BAG SUKI,11,2011-04-03 10:19:00,2.18,10039,Germany,customer_10039@example.com,
540121,22383,LUNCH BAG SUKI DESIGN,47,2011-04-03 16:51:00,1.65,10007,United Kingdom,customer_10007@example.com,15
540121,22722,SET OF 6 SPICE TINS PANTRY DESIGN,42,2011-04-03 16:51:00,4.15,10007,United Kingdom,customer_10007@example.com,45
540121,22411,JUMBO SHOPPER VINTAGE RED PAISLEY,32,2011-04-03 16:51:00,2.29,10007,United Kingdom,customer_10007@example.com,
540121,22197,POPCORN HOLDER,36,2011-04-03 16:51:00,0.89,10007,United Kingdom,customer_10007@example.com,2
540121,84879,ASSORTED COLOUR BIRD ORNAMENT,14,2011-04-03 16:51:00,1.52,10007,United Kingdom,customer_10007@example.com,90
540539,84879,ASSORTED COLOUR BIRD ORNAMENT,1,2011-04-04 10:23:00,1.86,10048,United Kingdom,customer_10048@example.com,90
540539,22720,SET OF 3 CAKE TINS PANTRY DESIGN,3,2011-04-04 10:23:00,4.7,10048,United Kingdom,customer_10048@example.com,
540539,82482,WOODEN PICTURE FRAME WHITE FINISH,5,2011-04-04 10:23:00,2.68,10048,United Kingdom,customer_10048@example.com,
540103,22722,SET OF 6 SPICE TINS PANTRY DESIGN,11,2011-04-04 11:17:00,4.15,10006,United Kingdom,customer_10006@example.com,45
540103,22138,BAKING SET 9 PIECE RETROSPOT,34,2011-04-04 11:17:00,4.7,10006,United Kingdom,customer_10006@example.com,90
540103,22197,POPCORN HOLDER,7,2011-04-04 11:17:00,0.85,10006,United Kingdom,customer_10006@example.com,2
540103,21733,RED HANGING HEART T-LIGHT HOLDER,9,2011-04-04 11:17:00,3.1,10006,United Kingdom,customer_10006@example.com,90
540499,22699,ROSES REGENCY TEACUP AND SAUCER,3,2011-04-04 15:20:00,2.8,10041,United Kingdom,customer_10041@example.com,
540499,22086,PAPER CHAIN KIT 50'S CHRISTMAS,2,2011-04-04 15:20:00,2.66,10041,United Kingdom,customer_10041@example.com,
540037,22178,VICTORIAN GLASS HANGING T-LIGHT,42,2011-04-04 15:38:00,1.25,10003,France,customer_10003@example.com,-4
540037,20727,LUNCH BAG BLACK SKULL.,33,2011-04-04 15:38:00,1.81,10003,France,customer_10003@example.com,15
540037,22138,BAKING SET 9 PIECE RETROSPOT,9,2011-04-04 15:38:00,5.45,10003,France,customer_10003@example.com,90
540037,22411,JUMBO SHOPPER VINTAGE RED PAISLEY,25,2011-04-04 15:38:00,2.18,10003,France,customer_10003@example.com,
540037,21034,REX CASH+CARRY JUMBO SHOPPER,34,2011-04-04 15:38:00,1.0,10003,France,customer_10003@example.com,
540456,47566,PARTY BUNTING,1,2011-04-05 13:49:00,5.45,10034,United Kingdom,customer_10034@example.com,
540456,22666,RECIPE BOX PANTRY DESIGN,5,2011-04-05 13:49:00,3.1,10034,United Kingdom,customer_10034@example.com,
540172,22698,PINK REGENCY TEACUP AND SAUCER,28,2011-04-05 14:16:00,2.8,10010,United Kingdom,customer_10010@example.com,
540172,84077,WORLD WAR 2 GLIDERS ASSTD DESIGNS,37,2011-04-05 14:16:00,0.32,10010,United Kingdom,customer_10010@example.com,
540172,22666,RECIPE BOX PANTRY DESIGN,40,2011-04-05 14:16:00,2.8,10010,United Kingdom,customer_10010@example.com,
540172,22086,PAPER CHAIN KIT 50'S CHRISTMAS,14,2011-04-05 14:16:00,2.8,10010,United Kingdom,customer_10010@example.com,
540137,22386,JUMBO BAG PINK POLKADOT,34,2011-04-05 15:09:00,1.87,10008,United Kingdom,customer_10008@example.com,
540137,22423,REGENCY CAKESTAND 3 TIER,18,2011-04-05 15:09:00,11.47,10008,United Kingdom,customer_10008@example.com,
540282,21212,PACK OF 72 RETROSPOT CAKE CASES,9,2011-04-05 16:11:00,0.58,10015,United Kingdom,customer_10015@example.com,15
540282,47566,PARTY BUNTING,42,2011-04-05 16:11:00,4.7,10015,United Kingdom,customer_10015@example.com,
540282,21931,JUMBO STORAGE BAG SUKI,7,2011-04-05 16:11:00,2.08,10015,United Kingdom,customer_10015@example.com,
540282,22386,JUMBO BAG PINK POLKADOT,11,2011-04-05 16:11:00,2.08,10015,United Kingdom,customer_10015@example.com,
540505,21733,RED HANGING HEART T-LIGHT HOLDER,5,2011-04-05 17:24:00,2.8,10042,United Kingdom,customer_10042@example.com,90
540505,22961,JAM MAKING SET PRINTED,3,2011-04-05 17:24:00,1.38,10042,United Kingdom,customer_10042@example.com,-4
540457,22666,RECIPE BOX PANTRY DESIGN,2,2011-04-06 11:29:00,3.25,10034,United Kingdom,customer_10034@example.com,
540457,84879,ASSORTED COLOUR BIRD ORNAMENT,10,2011-04-06 11:29:00,1.61,10034,United Kingdom,customer_10034@example.com,90
540457,22698,PINK REGENCY TEACUP AND SAUCER,3,2011-04-06 11:29:00,3.25,10034,United Kingdom,customer_10034@example.com,
540533,47566,PARTY BUNTING,8,2011-04-06 13:52:00,4.46,10047,United Kingdom,customer_10047@example.com,
540533,22666,RECIPE BOX PANTRY DESIGN,10,2011-04-06 13:52:00,2.8,10047,United Kingdom,customer_10047@example.com,
C540506,21733,Manual Return / Cancel RED HANGING HEART T-LIGHT HOLDER,-1,2011-04-06 15:24:00,2.95,10042,United Kingdom,customer_10042@example.com,
540563,84077,WORLD WAR 2 GLIDERS ASSTD DESIGNS,8,2011-04-07 10:26:00,0.32,10052,United Kingdom,customer_10052@example.com,
540563,82482,WOODEN PICTURE FRAME WHITE FINISH,5,2011-04-07 10:26:00,2.68,10052,United Kingdom,customer_10052@example.com,
540563,85099B,JUMBO BAG RED RETROSPOT,12,2011-04-07 10:26:00,1.87,10052,United Kingdom,customer_10052@example.com,
540138,22961,JAM MAKING SET PRINTED,36,2011-04-07 11:26:00,1.59,10008,United Kingdom,customer_10008@example.com,-4
540138,22138,BAKING SET 9 PIECE RETROSPOT,14,2011-04-07 11:26:00,4.46,10008,United Kingdom,customer_10008@example.com,90
540564,22386,JUMBO BAG PINK POLKADOT,10,2011-04-07 12:15:00,1.98,10052,United Kingdom,customer_10052@example.com,
540564,22961,JAM MAKING SET PRINTED,10,2011-04-07 12:15:00,1.38,10052,United Kingdom,customer_10052@example.com,-4
540160,22423,REGENCY CAKESTAND 3 TIER,45,2011-04-07 13:12:00,13.39,10009,United Kingdom,customer_10009@example.com,
540567,84077,WORLD WAR 2 GLIDERS ASSTD DESIGNS,1,2011-04-07 13:15:00,0.32,10053,United Kingdom,customer_10053@example.com,
540567,85123A,WHITE HANGING HEART T-LIGHT HOLDER,10,2011-04-07 13:15:00,2.68,10053,United Kingdom,customer_10053@example.com,25
540567,84879,ASSORTED COLOUR BIRD ORNAMENT,3,2011-04-07 13:15:00,1.69,10053,United Kingdom,customer_10053@example.com,90
540600,85123A,WHITE HANGING HEART T-LIGHT HOLDER,1,2011-04-07 14:32:00,2.81,10062,United Kingdom,customer_10062@example.com,25
540600,22386,JUMBO BAG PINK POLKADOT,3,2011-04-07 14:32:00,2.08,10062,United Kingdom,customer_10062@example.com,
540600,82482,WOODEN PICTURE FRAME WHITE FINISH,6,2011-04-07 14:32:00,2.42,10062,United Kingdom,customer_10062@example.com,
540438,22697,GREEN REGENCY TEACUP AND SAUCER,10,2011-04-07 15:14:00,3.1,10031,United Kingdom,customer_10031@example.com,
540438,22138,BAKING SET 9 PIECE RETROSPOT,6,2011-04-07 15:14:00,4.46,10031,United Kingdom,customer_10031@example.com,90
540605,22197,POPCORN HOLDER,4,2011-04-08 11:06:00,0.94,10063,United Kingdom,customer_10063@example.com,2
540443,22086,PAPER CHAIN KIT 50'S CHRISTMAS,3,2011-04-08 14:28:00,2.8,10032,United Kingdom,customer_10032@example.com,
540443,85099B,JUMBO BAG RED RETROSPOT,11,2011-04-08 14:28:00,2.29,10032,United Kingdom,customer_10032@example.com,
540443,22197,POPCORN HOLDER,10,2011-04-08 14:28:00,0.81,10032,United Kingdom,customer_10032@example.com,2
540556,21034,REX CASH+CARRY JUMBO SHOPPER,8,2011-04-08 17:11:00,0.85,10051,EIRE,customer_10051@example.com,
540647,85123A,WHITE HANGING HEART T-LIGHT HOLDER,5,2011-04-09 10:09:00,2.42,10070,United Kingdom,customer_10070@example.com,25
540527,22386,JUMBO BAG PINK POLKADOT,6,2011-04-10 12:46:00,2.29,10046,United Kingdom,customer_10046@example.com,
540527,22178,VICTORIAN GLASS HANGING T-LIGHT,6,2011-04-10 12:46:00,1.19,10046,United Kingdom,customer_10046@example.com,-4
540527,85099B,JUMBO BAG RED RETROSPOT,1,2011-04-10 12:46:00,2.29,10046,United Kingdom,customer_10046@example.com,
540104,85123A,WHITE HANGING HEART T-LIGHT HOLDER,36,2011-04-10 14:15:00,2.55,10006,United Kingdom,customer_10006@example.com,25
540104,84879,ASSORTED COLOUR BIRD ORNAMENT,12,2011-04-10 14:15:00,1.69,10006,United Kingdom,customer_10006@example.com,90
540104,20727,LUNCH BAG BLACK SKULL.,8,2011-04-10 14:15:00,1.57,10006,United Kingdom,customer_10006@example.com,15
540104,21212,PACK OF 72 RETROSPOT CAKE CASES,15,2011-04-10 14:15:00,0.55,10006,United Kingdom,customer_10006@example.com,15
540122,22722,SET OF 6 SPICE TINS PANTRY DESIGN,33,2011-04-10 16:43:00,3.75,10007,United Kingdom,customer_10007@example.com,45
540122,21212,PACK OF 72 RETROSPOT CAKE CASES,46,2011-04-10 16:43:00,0.61,10007,United Kingdom,customer_10007@example.com,15
540122,21733,RED HANGING HEART T-LIGHT HOLDER,9,2011-04-10 16:43:00,3.25,10007,United Kingdom,customer_10007@example.com,90
540122,22178,VICTORIAN GLASS HANGING T-LIGHT,39,2011-04-10 16:43:00,1.12,10007,United Kingdom,customer_10007@example.com,-4
540122,22197,POPCORN HOLDER,17,2011-04-10 16:43:00,0.94,10007,United Kingdom,customer_10007@example.com,2
540139,47566,PARTY BUNTING,45,2011-04-10 17:20:00,4.95,10008,United Kingdom,customer_10008@example.com,
540139,22720,SET OF 3 CAKE TINS PANTRY DESIGN,47,2011-04-10 17:20:00,4.95,10008,United Kingdom,customer_10008@example.com,
540139,22960,JAM MAKING SET WITH JARS,40,2011-04-10 17:20:00,4.25,10008,United Kingdom,customer_10008@example.com,15
540139,22138,BAKING SET 9 PIECE RETROSPOT,40,2011-04-10 17:20:00,5.2,10008,United Kingdom,customer_10008@example.com,90
540105,22666,RECIPE BOX PANTRY DESIGN,7,2011-04-11 11:48:00,2.66,10006,United Kingdom,customer_10006@example.com,
540105,22411,JUMBO SHOPPER VINTAGE RED PAISLEY,19,2011-04-11 11:48:00,2.08,10006,United Kingdom,customer_10006@example.com,
540105,22722,SET OF 6 SPICE TINS PANTRY DESIGN,39,2011-04-11 11:48:00,4.35,10006,United Kingdom,customer_10006@example.com,45
540105,85123A,WHITE HANGING HEART T-LIGHT HOLDER,41,2011-04-11 11:48:00,2.42,10006,United Kingdom,customer_10006@example.com,25
540201,22086,PAPER CHAIN KIT 50'S CHRISTMAS,7,2011-04-11 16:14:00,3.1,10011,United Kingdom,customer_10011@example.com,
540201,47566,PARTY BUNTING,18,2011-04-11 16:14:00,5.45,10011,United Kingdom,customer_10011@example.com,
540201,22699,ROSES REGENCY TEACUP AND SAUCER,43,2011-04-11 16:14:00,3.1,10011,United Kingdom,customer_10011@example.com,
540201,22961,JAM MAKING SET PRINTED,30,2011-04-11 16:14:00,1.52,10011,United Kingdom,customer_10011@example.com,-4
540578,22961,JAM MAKING SET PRINTED,11,2011-04-11 17:41:00,1.45,10056,United Kingdom,customer_10056@example.com,-4
540578,22386,JUMBO BAG PINK POLKADOT,8,2011-04-11 17:41:00,2.08,10056,United Kingdom,customer_10056@example.com,
C540202,22086,Manual Return / Cancel PAPER CHAIN KIT 50'S CHRISTMAS,-2,2011-04-12 00:14:00,2.95,10011,United Kingdom,customer_10011@example.com,
540507,22699,ROSES REGENCY TEACUP AND SAUCER,2,2011-04-12 11:46:00,2.8,10042,United Kingdom,customer_10042@example.com,
540507,22961,JAM MAKING SET PRINTED,11,2011-04-12 11:46:00,1.38,10042,United Kingdom,customer_10042@example.com,-4
540534,21931,JUMBO STORAGE BAG SUKI,4,2011-04-12 16:06:00,2.18,10047,United Kingdom,customer_10047@example.com,
540173,21733,RED HANGING HEART T-LIGHT HOLDER,48,2011-04-13 09:33:00,2.66,10010,United Kingdom,customer_10010@example.com,90
540123,21754,HOME BUILDING BLOCK WORD,39,2011-04-13 11:10:00,5.95,10007,United Kingdom,customer_10007@example.com,
540123,22697,GREEN REGENCY TEACUP AND SAUCER,11,2011-04-13 11:10:00,2.95,10007,United Kingdom,customer_10007@example.com,
540123,20727,LUNCH BAG BLACK SKULL.,18,2011-04-13 11:10:00,1.65,10007,United Kingdom,customer_10007@example.com,15
540259,20725,LUNCH BAG RED RETROSPOT,21,2011-04-13 12:40:00,1.48,10014,United Kingdom,customer_10014@example.com,90
540259,21754,HOME BUILDING BLOCK WORD,26,2011-04-13 12:40:00,5.95,10014,United Kingdom,customer_10014@example.com,
540259,84077,WORLD WAR 2 GLIDERS ASSTD DESIGNS,46,2011-04-13 12:40:00,0.28,10014,United Kingdom,customer_10014@example.com,
540259,22197,POPCORN HOLDER,48,2011-04-13 12:40:00,0.77,10014,United Kingdom,customer_10014@example.com,2
540259,22720,SET OF 3 CAKE TINS PANTRY DESIGN,34,2011-04-13 12:40:00,4.95,10014,United Kingdom,customer_10014@example.com,
540478,21733,RED HANGING HEART T-LIGHT HOLDER,7,2011-04-13 15:40:00,3.25,10037,EIRE,customer_10037@example.com,90
540478,22386,JUMBO BAG PINK POLKADOT,5,2011-04-13 15:40:00,1.87,10037,EIRE,customer_10037@example.com,
540478,47566,PARTY BUNTING,10,2011-04-13 15:40:00,4.7,10037,EIRE,customer_10037@example.com,
C540260,20725,Manual Return / Cancel LUNCH BAG RED RETROSPOT,-2,2011-04-13 20:40:00,1.65,10014,United Kingdom,customer_10014@example.com,
540174,21733,RED HANGING HEART T-LIGHT HOLDER,10,2011-04-14 09:26:00,2.8,10010,United Kingdom,customer_10010@example.com,90
540174,22086,PAPER CHAIN KIT 50'S CHRISTMAS,6,2011-04-14 09:26:00,2.8,10010,United Kingdom,customer_10010@example.com,
540038,22086,PAPER CHAIN KIT 50'S CHRISTMAS,48,2011-04-14 10:48:00,2.95,10003,France,customer_10003@example.com,
540038,85099B,JUMBO BAG RED RETROSPOT,16,2011-04-14 10:48:00,1.87,10003,France,customer_10003@example.com,
540083,84879,ASSORTED COLOUR BIRD ORNAMENT,11,2011-04-14 11:36:00,1.52,10005,United Kingdom,customer_10005@example.com,90
540083,22086,PAPER CHAIN KIT 50'S CHRISTMAS,27,2011-04-14 11:36:00,3.1,10005,United Kingdom,customer_10005@example.com,
540083,22197,POPCORN HOLDER,19,2011-04-14 11:36:00,0.94,10005,United Kingdom,customer_10005@example.com,2
540083,22698,PINK REGENCY TEACUP AND SAUCER,32,2011-04-14 11:36:00,3.1,10005,United Kingdom,customer_10005@example.com,
540593,22197,POPCORN HOLDER,2,2011-04-14 11:53:00,0.85,10060,United Kingdom,customer_10060@example.com,2
540593,84879,ASSORTED COLOUR BIRD ORNAMENT,9,2011-04-14 11:53:00,1.77,10060,United Kingdom,customer_10060@example.com,90
540593,22411,JUMBO SHOPPER VINTAGE RED PAISLEY,5,2011-04-14 11:53:00,1.98,10060,United Kingdom,customer_10060@example.com,
540106,20725,LUNCH BAG RED RETROSPOT,46,2011-04-14 13:15:00,1.73,10006,United Kingdom,customer_10006@example.com,90
540106,22423,REGENCY CAKESTAND 3 TIER,35,2011-04-14 13:15:00,14.03,10006,United Kingdom,customer_10006@example.com,
540106,20727,LUNCH BAG BLACK SKULL.,13,2011-04-14 13:15:00,1.48,10006,United Kingdom,customer_10006@example.com,15
540458,47566,PARTY BUNTING,10,2011-04-14 14:28:00,5.2,10034,United Kingdom,customer_10034@example.com,
540107,22086,PAPER CHAIN KIT 50'S CHRISTMAS,6,2011-04-14 16:38:00,3.1,10006,United Kingdom,customer_10006@example.com,
540107,22386,JUMBO BAG PINK POLKADOT,42,2011-04-14 16:38:00,1.98,10006,United Kingdom,customer_10006@example.com,
540107,22138,BAKING SET 9 PIECE RETROSPOT,28,2011-04-14 16:38:00,5.45,10006,United Kingdom,customer_10006@example.com,90
540107,20727,LUNCH BAG BLACK SKULL.,17,2011-04-14 16:38:00,1.73,10006,United Kingdom,customer_10006@example.com,15
540107,85123A,WHITE HANGING HEART T-LIGHT HOLDER,24,2011-04-14 16:38:00,2.42,10006,United Kingdom,customer_10006@example.com,25
540010,85099B,JUMBO BAG RED RETROSPOT,17,2011-04-15 13:35:00,2.18,10001,United Kingdom,customer_10001@example.com,
540010,22961,JAM MAKING SET PRINTED,42,2011-04-15 13:35:00,1.59,10001,United Kingdom,customer_10001@example.com,-4
540439,22666,RECIPE BOX PANTRY DESIGN,1,2011-04-16 11:12:00,2.66,10031,United Kingdom,customer_10031@example.com,
540439,21931,JUMBO STORAGE BAG SUKI,9,2011-04-16 11:12:00,1.98,10031,United Kingdom,customer_10031@example.com,
540439,21754,HOME BUILDING BLOCK WORD,6,2011-04-16 11:12:00,5.95,10031,United Kingdom,customer_10031@example.com,
540618,22138,BAKING SET 9 PIECE RETROSPOT,12,2011-04-16 14:07:00,4.95,10066,United Kingdom,customer_10066@example.com,90
540618,20725,LUNCH BAG RED RETROSPOT,8,2011-04-16 14:07:00,1.57,10066,United Kingdom,customer_10066@example.com,90
540444,22961,JAM MAKING SET PRINTED,11,2011-04-16 17:58:00,1.38,10032,United Kingdom,customer_10032@example.com,-4
540062,22697,GREEN REGENCY TEACUP AND SAUCER,23,2011-04-17 14:36:00,3.1,10004,United Kingdom,customer_10004@example.com,
540062,22383,LUNCH BAG SUKI DESIGN,42,2011-04-17 14:36:00,1.48,10004,United Kingdom,customer_10004@example.com,15
540062,85123A,WHITE HANGING HEART T-LIGHT HOLDER,44,2011-04-17 14:36:00,2.29,10004,United Kingdom,customer_10004@example.com,25
540465,22699,ROSES REGENCY TEACUP AND SAUCER,10,2011-04-18 11:54:00,3.25,10035,United Kingdom,customer_10035@example.com,
540470,21212,PACK OF 72 RETROSPOT CAKE CASES,12,2011-04-18 14:16:00,0.61,10036,United Kingdom,customer_10036@example.com,15
540470,22411,JUMBO SHOPPER VINTAGE RED PAISLEY,8,2011-04-18 14:16:00,2.29,10036,United Kingdom,customer_10036@example.com,
540470,22386,JUMBO BAG PINK POLKADOT,10,2011-04-18 14:16:00,1.98,10036,United Kingdom,customer_10036@example.com,
540514,22722,SET OF 6 SPICE TINS PANTRY DESIGN,7,2011-04-19 09:30:00,3.95,10043,United Kingdom,customer_10043@example.com,45
540514,22138,BAKING SET 9 PIECE RETROSPOT,10,2011-04-19 09:30:00,5.2,10043,United Kingdom,customer_10043@example.com,90
540479,20728,LUNCH BAG CARS BLUE,2,2011-04-19 14:45:00,1.73,10037,EIRE,customer_10037@example.com,15
540619,84077,WORLD WAR 2 GLIDERS ASSTD DESIGNS,5,2011-04-20 09:05:00,0.3,10066,United Kingdom,customer_10066@example.com,
540619,20725,LUNCH BAG RED RETROSPOT,10,2011-04-20 09:05:00,1.73,10066,United Kingdom,customer_10066@example.com,90
540261,22698,PINK REGENCY TEACUP AND SAUCER,16,2011-04-20 10:22:00,3.1,10014,United Kingdom,customer_10014@example.com,
540261,20725,LUNCH BAG RED RETROSPOT,34,2011-04-20 10:22:00,1.73,10014,United Kingdom,customer_10014@example.com,90
540261,21034,REX CASH+CARRY JUMBO SHOPPER,9,2011-04-20 10:22:00,0.85,10014,United Kingdom,customer_10014@example.com,
540540,22722,SET OF 6 SPICE TINS PANTRY DESIGN,11,2011-04-20 12:19:00,3.56,10048,United Kingdom,customer_10048@example.com,45
540540,20725,LUNCH BAG RED RETROSPOT,12,2011-04-20 12:19:00,1.73,10048,United Kingdom,customer_10048@example.com,90
540540,22960,JAM MAKING SET WITH JARS,8,2011-04-20 12:19:00,4.25,10048,United Kingdom,customer_10048@example.com,15
540084,22178,VICTORIAN GLASS HANGING T-LIGHT,9,2011-04-20 13:46:00,1.12,10005,United Kingdom,customer_10005@example.com,-4
540084,22386,JUMBO BAG PINK POLKADOT,16,2011-04-20 13:46:00,1.98,10005,United Kingdom,customer_10005@example.com,
540084,22411,JUMBO SHOPPER VINTAGE RED PAISLEY,9,2011-04-20 13:46:00,2.29,10005,United Kingdom,customer_10005@example.com,
540063,21034,REX CASH+CARRY JUMBO SHOPPER,45,2011-04-20 13:49:00,0.9,10004,United Kingdom,customer_10004@example.com,
540063,22411,JUMBO SHOPPER VINTAGE RED PAISLEY,20,2011-04-20 13:49:00,2.08,10004,United Kingdom,customer_10004@example.com,
540039,85123A,WHITE HANGING HEART T-LIGHT HOLDER,44,2011-04-20 17:04:00,2.68,10003,France,customer_10003@example.com,25
540039,22961,JAM MAKING SET PRINTED,24,2011-04-20 17:04:00,1.52,10003,France,customer_10003@example.com,-4
540124,22086,PAPER CHAIN KIT 50'S CHRISTMAS,40,2011-04-20 17:17:00,3.25,10007,United Kingdom,customer_10007@example.com,
540124,22383,LUNCH BAG SUKI DESIGN,38,2011-04-20 17:17:00,1.48,10007,United Kingdom,customer_10007@example.com,15
C540040,85123A,Manual Return / Cancel WHITE HANGING HEART T-LIGHT HOLDER,-3,2011-04-21 04:04:00,2.55,10003,France,customer_10003@example.com,
540535,20728,LUNCH BAG CARS BLUE,2,2011-04-21 10:58:00,1.48,10047,United Kingdom,customer_10047@example.com,15
540535,22697,GREEN REGENCY TEACUP AND SAUCER,1,2011-04-21 10:58:00,2.66,10047,United Kingdom,customer_10047@example.com,
540445,21931,JUMBO STORAGE BAG SUKI,12,2011-04-21 11:20:00,2.29,10032,United Kingdom,customer_10032@example.com,
540283,20727,LUNCH BAG BLACK SKULL.,38,2011-04-21 12:54:00,1.73,10015,United Kingdom,customer_10015@example.com,15
540283,22086,PAPER CHAIN KIT 50'S CHRISTMAS,23,2011-04-21 12:54:00,2.8,10015,United Kingdom,customer_10015@example.com,
540085,84077,WORLD WAR 2 GLIDERS ASSTD DESIGNS,19,2011-04-21 13:28:00,0.29,10005,United Kingdom,customer_10005@example.com,
540085,22411,JUMBO SHOPPER VINTAGE RED PAISLEY,13,2011-04-21 13:28:00,2.29,10005,United Kingdom,customer_10005@example.com,
540085,22666,RECIPE BOX PANTRY DESIGN,33,2011-04-21 13:28:00,2.95,10005,United Kingdom,customer_10005@example.com,
540085,22961,JAM MAKING SET PRINTED,24,2011-04-21 13:28:00,1.3,10005,United Kingdom,customer_10005@example.com,-4
540203,22386,JUMBO BAG PINK POLKADOT,40,2011-04-21 13:48:00,1.87,10011,United Kingdom,customer_10011@example.com,
540175,22411,JUMBO SHOPPER VINTAGE RED PAISLEY,36,2011-04-21 16:23:00,2.29,10010,United Kingdom,customer_10010@example.com,
540239,84077,WORLD WAR 2 GLIDERS ASSTD DESIGNS,11,2011-04-21 17:15:00,0.29,10013,United Kingdom,customer_10013@example.com,
540239,22697,GREEN REGENCY TEACUP AND SAUCER,35,2011-04-21 17:15:00,2.95,10013,United Kingdom,customer_10013@example.com,
540239,22197,POPCORN HOLDER,32,2011-04-21 17:15:00,0.94,10013,United Kingdom,customer_10013@example.com,2
540239,22423,REGENCY CAKESTAND 3 TIER,20,2011-04-21 17:15:00,11.47,10013,United Kingdom,customer_10013@example.com,
540550,84879,ASSORTED COLOUR BIRD ORNAMENT,3,2011-04-22 09:56:00,1.52,10050,United Kingdom,customer_10050@example.com,90
540550,85123A,WHITE HANGING HEART T-LIGHT HOLDER,12,2011-04-22 09:56:00,2.29,10050,United Kingdom,customer_10050@example.com,25
540240,22138,BAKING SET 9 PIECE RETROSPOT,46,2011-04-22 10:37:00,4.7,10013,United Kingdom,customer_10013@example.com,90
C540284,22086,Manual Return / Cancel PAPER CHAIN KIT 50'S CHRISTMAS,-1,2011-04-22 11:54:00,2.95,10015,United Kingdom,customer_10015@example.com,
540446,22698,PINK REGENCY TEACUP AND SAUCER,6,2011-04-22 14:53:00,2.66,10032,United Kingdom,customer_10032@example.com,
540262,20725,LUNCH BAG RED RETROSPOT,24,2011-04-22 16:56:00,1.48,10014,United Kingdom,customer_10014@example.com,90
540262,22960,JAM MAKING SET WITH JARS,10,2011-04-22 16:56:00,4.46,10014,United Kingdom,customer_10014@example.com,15
540262,21931,JUMBO STORAGE BAG SUKI,16,2011-04-22 16:56:00,1.98,10014,United Kingdom,customer_10014@example.com,
540262,21212,PACK OF 72 RETROSPOT CAKE CASES,42,2011-04-22 16:56:00,0.58,10014,United Kingdom,customer_10014@example.com,15
540648,22086,PAPER CHAIN KIT 50'S CHRISTMAS,4,2011-04-22 17:27:00,2.66,10070,United Kingdom,customer_10070@example.com,
540648,22722,SET OF 6 SPICE TINS PANTRY DESIGN,5,2011-04-22 17:27:00,3.75,10070,United Kingdom,customer_10070@example.com,45
C540263,21212,Manual Return / Cancel PACK OF 72 RETROSPOT CAKE CASES,-1,2011-04-23 02:56:00,0.55,10014,United Kingdom,customer_10014@example.com,
540176,85123A,WHITE HANGING HEART T-LIGHT HOLDER,33,2011-04-23 09:00:00,2.81,10010,United Kingdom,customer_10010@example.com,25
540176,22698,PINK REGENCY TEACUP AND SAUCER,39,2011-04-23 09:00:00,2.66,10010,United Kingdom,customer_10010@example.com,
540176,22961,JAM MAKING SET PRINTED,7,2011-04-23 09:00:00,1.45,10010,United Kingdom,customer_10010@example.com,-4
540176,21931,JUMBO STORAGE BAG SUKI,40,2011-04-23 09:00:00,2.08,10010,United Kingdom,customer_10010@example.com,
540176,22138,BAKING SET 9 PIECE RETROSPOT,12,2011-04-23 09:00:00,4.7,10010,United Kingdom,customer_10010@example.com,90
540086,22423,REGENCY CAKESTAND 3 TIER,9,2011-04-23 16:33:00,14.03,10005,United Kingdom,customer_10005@example.com,
540086,22960,JAM MAKING SET WITH JARS,19,2011-04-23 16:33:00,4.25,10005,United Kingdom,customer_10005@example.com,15
540086,20727,LUNCH BAG BLACK SKULL.,19,2011-04-23 16:33:00,1.48,10005,United Kingdom,customer_10005@example.com,15
540285,22086,PAPER CHAIN KIT 50'S CHRISTMAS,6,2011-04-23 16:58:00,3.25,10015,United Kingdom,customer_10015@example.com,
540285,47566,PARTY BUNTING,22,2011-04-23 16:58:00,4.7,10015,United Kingdom,customer_10015@example.com,
540606,21733,RED HANGING HEART T-LIGHT HOLDER,12,2011-04-23 17:39:00,3.25,10063,United Kingdom,customer_10063@example.com,90
540606,22138,BAKING SET 9 PIECE RETROSPOT,12,2011-04-23 17:39:00,5.45,10063,United Kingdom,customer_10063@example.com,90
540606,82482,WOODEN PICTURE FRAME WHITE FINISH,7,2011-04-23 17:39:00,2.29,10063,United Kingdom,customer_10063@example.com,
540216,20728,LUNCH BAG CARS BLUE,37,2011-04-24 15:13:00,1.81,10012,United Kingdom,customer_10012@example.com,15
540216,84077,WORLD WAR 2 GLIDERS ASSTD DESIGNS,14,2011-04-24 15:13:00,0.32,10012,United Kingdom,customer_10012@example.com,
540216,85099B,JUMBO BAG RED RETROSPOT,41,2011-04-24 15:13:00,2.08,10012,United Kingdom,customer_10012@example.com,
540216,21733,RED HANGING HEART T-LIGHT HOLDER,24,2011-04-24 15:13:00,2.95,10012,United Kingdom,customer_10012@example.com,90
540585,22178,VICTORIAN GLASS HANGING T-LIGHT,10,2011-04-24 16:57:00,1.19,10058,United Kingdom,customer_10058@example.com,-4
540585,22386,JUMBO BAG PINK POLKADOT,6,2011-04-24 16:57:00,2.18,10058,United Kingdom,customer_10058@example.com,
540574,22722,SET OF 6 SPICE TINS PANTRY DESIGN,6,2011-04-24 17:43:00,4.35,10055,United Kingdom,customer_10055@example.com,45
540574,22666,RECIPE BOX PANTRY DESIGN,2,2011-04-24 17:43:00,3.1,10055,United Kingdom,customer_10055@example.com,
540574,22383,LUNCH BAG SUKI DESIGN,4,2011-04-24 17:43:00,1.48,10055,United Kingdom,customer_10055@example.com,15
540523,21733,RED HANGING HEART T-LIGHT HOLDER,8,2011-04-25 09:41:00,2.8,10045,United Kingdom,customer_10045@example.com,90
540523,22178,VICTORIAN GLASS HANGING T-LIGHT,1,2011-04-25 09:41:00,1.12,10045,United Kingdom,customer_10045@example.com,-4
540547,22178,VICTORIAN GLASS HANGING T-LIGHT,10,2011-04-25 11:20:00,1.12,10049,United Kingdom,customer_10049@example.com,-4
540649,21931,JUMBO STORAGE BAG SUKI,12,2011-04-25 13:50:00,1.87,10070,United Kingdom,customer_10070@example.com,
540649,22699,ROSES REGENCY TEACUP AND SAUCER,11,2011-04-25 13:50:00,2.8,10070,United Kingdom,customer_10070@example.com,
540204,20725,LUNCH BAG RED RETROSPOT,39,2011-04-25 14:12:00,1.73,10011,United Kingdom,customer_10011@example.com,90
540204,20728,LUNCH BAG CARS BLUE,44,2011-04-25 14:12:00,1.65,10011,United Kingdom,customer_10011@example.com,15
540204,22699,ROSES REGENCY TEACUP AND SAUCER,45,2011-04-25 14:12:00,3.1,10011,United Kingdom,customer_10011@example.com,
540204,82482,WOODEN PICTURE FRAME WHITE FINISH,43,2011-04-25 14:12:00,2.68,10011,United Kingdom,customer_10011@example.com,
540241,22423,REGENCY CAKESTAND 3 TIER,22,2011-04-26 10:37:00,12.75,10013,United Kingdom,customer_10013@example.com,
540241,22699,ROSES REGENCY TEACUP AND SAUCER,26,2011-04-26 10:37:00,2.95,10013,United Kingdom,customer_10013@example.com,
540241,22197,POPCORN HOLDER,23,2011-04-26 10:37:00,0.89,10013,United Kingdom,customer_10013@example.com,2
540241,20727,LUNCH BAG BLACK SKULL.,10,2011-04-26 10:37:00,1.57,10013,United Kingdom,customer_10013@example.com,15
540241,22961,JAM MAKING SET PRINTED,31,2011-04-26 10:37:00,1.45,10013,United Kingdom,customer_10013@example.com,-4
540177,21034,REX CASH+CARRY JUMBO SHOPPER,25,2011-04-26 12:39:00,0.9,10010,United Kingdom,customer_10010@example.com,
540177,21733,RED HANGING HEART T-LIGHT HOLDER,35,2011-04-26 12:39:00,3.1,10010,United Kingdom,customer_10010@example.com,90
540177,21212,PACK OF 72 RETROSPOT CAKE CASES,21,2011-04-26 12:39:00,0.61,10010,United Kingdom,customer_10010@example.com,15
540177,20728,LUNCH BAG CARS BLUE,29,2011-04-26 12:39:00,1.48,10010,United Kingdom,customer_10010@example.com,15
540177,22960,JAM MAKING SET WITH JARS,47,2011-04-26 12:39:00,3.83,10010,United Kingdom,customer_10010@example.com,15
540508,21754,HOME BUILDING BLOCK WORD,9,2011-04-26 16:57:00,6.25,10042,United Kingdom,customer_10042@example.com,
540508,22411,JUMBO SHOPPER VINTAGE RED PAISLEY,3,2011-04-26 16:57:00,2.29,10042,United Kingdom,customer_10042@example.com,
540508,22961,JAM MAKING SET PRINTED,9,2011-04-26 16:57:00,1.52,10042,United Kingdom,customer_10042@example.com,-4
540140,22697,GREEN REGENCY TEACUP AND SAUCER,13,2011-04-27 12:17:00,2.95,10008,United Kingdom,customer_10008@example.com,
540140,22178,VICTORIAN GLASS HANGING T-LIGHT,23,2011-04-27 12:17:00,1.38,10008,United Kingdom,customer_10008@example.com,-4
540140,20727,LUNCH BAG BLACK SKULL.,28,2011-04-27 12:17:00,1.73,10008,United Kingdom,customer_10008@example.com,15
540140,22383,LUNCH BAG SUKI DESIGN,26,2011-04-27 12:17:00,1.73,10008,United Kingdom,customer_10008@example.com,15
540140,85099B,JUMBO BAG RED RETROSPOT,40,2011-04-27 12:17:00,2.29,10008,United Kingdom,customer_10008@example.com,
540064,22722,SET OF 6 SPICE TINS PANTRY DESIGN,25,2011-04-28 11:40:00,3.56,10004,United Kingdom,customer_10004@example.com,45
540242,22720,SET OF 3 CAKE TINS PANTRY DESIGN,13,2011-04-28 11:49:00,4.95,10013,United Kingdom,customer_10013@example.com,
540242,20725,LUNCH BAG RED RETROSPOT,13,2011-04-28 11:49:00,1.73,10013,United Kingdom,customer_10013@example.com,90
540242,22197,POPCORN HOLDER,28,2011-04-28 11:49:00,0.94,10013,United Kingdom,customer_10013@example.com,2
540242,22666,RECIPE BOX PANTRY DESIGN,35,2011-04-28 11:49:00,2.95,10013,United Kingdom,customer_10013@example.com,
540242,47566,PARTY BUNTING,34,2011-04-28 11:49:00,4.7,10013,United Kingdom,customer_10013@example.com,
540286,22960,JAM MAKING SET WITH JARS,25,2011-04-28 13:45:00,4.46,10015,United Kingdom,customer_10015@example.com,15
540286,22722,SET OF 6 SPICE TINS PANTRY DESIGN,19,2011-04-28 13:45:00,3.95,10015,United Kingdom,customer_10015@example.com,45
540286,22961,JAM MAKING SET PRINTED,35,2011-04-28 13:45:00,1.45,10015,United Kingdom,customer_10015@example.com,-4
540161,84879,ASSORTED COLOUR BIRD ORNAMENT,8,2011-04-29 09:15:00,1.86,10009,United Kingdom,customer_10009@example.com,90
540161,20725,LUNCH BAG RED RETROSPOT,44,2011-04-29 09:15:00,1.73,10009,United Kingdom,customer_10009@example.com,90
540466,22961,JAM MAKING SET PRINTED,3,2011-04-29 10:03:00,1.38,10035,United Kingdom,customer_10035@example.com,-4
540536,22722,SET OF 6 SPICE TINS PANTRY DESIGN,1,2011-04-29 13:49:00,3.56,10047,United Kingdom,customer_10047@example.com,45
540536,85123A,WHITE HANGING HEART T-LIGHT HOLDER,3,2011-04-29 13:49:00,2.68,10047,United Kingdom,customer_10047@example.com,25
540287,85123A,WHITE HANGING HEART T-LIGHT HOLDER,48,2011-04-29 15:37:00,2.81,10015,United Kingdom,customer_10015@example.com,25
540041,21754,HOME BUILDING BLOCK WORD,48,2011-04-29 16:04:00,6.55,10003,France,customer_10003@example.com,
540041,20728,LUNCH BAG CARS BLUE,33,2011-04-29 16:04:00,1.57,10003,France,customer_10003@example.com,15
540641,84879,ASSORTED COLOUR BIRD ORNAMENT,7,2011-04-30 10:37:00,1.77,10069,Germany,customer_10069@example.com,90
540641,20728,LUNCH BAG CARS BLUE,9,2011-04-30 10:37:00,1.81,10069,Germany,customer_10069@example.com,15
540125,22698,PINK REGENCY TEACUP AND SAUCER,8,2011-04-30 11:10:00,3.25,10007,United Kingdom,customer_10007@example.com,
540125,22411,JUMBO SHOPPER VINTAGE RED PAISLEY,47,2011-04-30 11:10:00,1.87,10007,United Kingdom,customer_10007@example.com,
540125,22720,SET OF 3 CAKE TINS PANTRY DESIGN,22,2011-04-30 11:10:00,5.45,10007,United Kingdom,customer_10007@example.com,
540125,21733,RED HANGING HEART T-LIGHT HOLDER,42,2011-04-30 11:10:00,2.8,10007,United Kingdom,customer_10007@example.com,90
540125,22722,SET OF 6 SPICE TINS PANTRY DESIGN,11,2011-04-30 11:10:00,3.56,10007,United Kingdom,customer_10007@example.com,45
540042,20728,LUNCH BAG CARS BLUE,16,2011-04-30 12:41:00,1.48,10003,France,customer_10003@example.com,15
540042,21754,HOME BUILDING BLOCK WORD,10,2011-04-30 12:41:00,5.65,10003,France,customer_10003@example.com,
540570,22411,JUMBO SHOPPER VINTAGE RED PAISLEY,9,2011-04-30 12:50:00,1.87,10054,United Kingdom,customer_10054@example.com,
540570,22722,SET OF 6 SPICE TINS PANTRY DESIGN,1,2011-04-30 12:50:00,3.95,10054,United Kingdom,customer_10054@example.com,45
540570,84879,ASSORTED COLOUR BIRD ORNAMENT,12,2011-04-30 12:50:00,1.69,10054,United Kingdom,customer_10054@example.com,90
540087,84077,WORLD WAR 2 GLIDERS ASSTD DESIGNS,20,2011-04-30 13:18:00,0.32,10005,United Kingdom,customer_10005@example.com,
540087,85123A,WHITE HANGING HEART T-LIGHT HOLDER,30,2011-04-30 13:18:00,2.42,10005,United Kingdom,customer_10005@example.com,25
540087,20725,LUNCH BAG RED RETROSPOT,17,2011-04-30 13:18:00,1.73,10005,United Kingdom,customer_10005@example.com,90
540467,22386,JUMBO BAG PINK POLKADOT,5,2011-04-30 17:11:00,1.87,10035,United Kingdom,customer_10035@example.com,
540467,22698,PINK REGENCY TEACUP AND SAUCER,1,2011-04-30 17:11:00,2.95,10035,United Kingdom,customer_10035@example.com,
540565,84077,WORLD WAR 2 GLIDERS ASSTD DESIGNS,1,2011-05-01 15:02:00,0.32,10052,United Kingdom,customer_10052@example.com,
540620,82482,WOODEN PICTURE FRAME WHITE FINISH,3,2011-05-01 16:14:00,2.55,10066,United Kingdom,customer_10066@example.com,
540620,22383,LUNCH BAG SUKI DESIGN,8,2011-05-01 16:14:00,1.48,10066,United Kingdom,customer_10066@example.com,15
540620,22961,JAM MAKING SET PRINTED,4,2011-05-01 16:14:00,1.52,10066,United Kingdom,customer_10066@example.com,-4
540065,84879,ASSORTED COLOUR BIRD ORNAMENT,14,2011-05-02 09:37:00,1.61,10004,United Kingdom,customer_10004@example.com,90
540065,22698,PINK REGENCY TEACUP AND SAUCER,26,2011-05-02 09:37:00,2.95,10004,United Kingdom,customer_10004@example.com,
540065,22197,POPCORN HOLDER,17,2011-05-02 09:37:00,0.89,10004,United Kingdom,customer_10004@example.com,2
540451,20727,LUNCH BAG BLACK SKULL.,3,2011-05-02 09:59:00,1.48,10033,United Kingdom,customer_10033@example.com,15
540451,22961,JAM MAKING SET PRINTED,4,2011-05-02 09:59:00,1.38,10033,United Kingdom,customer_10033@example.com,-4
C540621,22961,Manual Return / Cancel JAM MAKING SET PRINTED,-4,2011-05-02 15:14:00,1.45,10066,United Kingdom,customer_10066@example.com,
540586,22197,POPCORN HOLDER,2,2011-05-03 16:57:00,0.94,10058,United Kingdom,customer_10058@example.com,2
540043,22666,RECIPE BOX PANTRY DESIGN,31,2011-05-04 13:28:00,2.95,10003,France,customer_10003@example.com,
540489,22961,JAM MAKING SET PRINTED,3,2011-05-04 15:03:00,1.52,10039,Germany,customer_10039@example.com,-4
540633,21212,PACK OF 72 RETROSPOT CAKE CASES,1,2011-05-04 15:39:00,0.55,10068,United Kingdom,customer_10068@example.com,15
540633,22178,VICTORIAN GLASS HANGING T-LIGHT,10,2011-05-04 15:39:00,1.12,10068,United Kingdom,customer_10068@example.com,-4
540633,22383,LUNCH BAG SUKI DESIGN,3,2011-05-04 15:39:00,1.48,10068,United Kingdom,customer_10068@example.com,15
540483,22138,BAKING SET 9 PIECE RETROSPOT,11,2011-05-04 16:24:00,4.46,10038,United Kingdom,customer_10038@example.com,90
540483,20725,LUNCH BAG RED RETROSPOT,2,2011-05-04 16:24:00,1.81,10038,United Kingdom,customer_10038@example.com,90
540483,82482,WOODEN PICTURE FRAME WHITE FINISH,5,2011-05-04 16:24:00,2.29,10038,United Kingdom,customer_10038@example.com,
540484,22178,VICTORIAN GLASS HANGING T-LIGHT,1,2011-05-05 09:06:00,1.25,10038,United Kingdom,customer_10038@example.com,-4
540484,22698,PINK REGENCY TEACUP AND SAUCER,6,2011-05-05 09:06:00,2.8,10038,United Kingdom,customer_10038@example.com,
540484,22699,ROSES REGENCY TEACUP AND SAUCER,5,2011-05-05 09:06:00,3.25,10038,United Kingdom,customer_10038@example.com,
540509,47566,PARTY BUNTING,10,2011-05-05 15:22:00,5.2,10042,United Kingdom,customer_10042@example.com,
C540510,47566,Manual Return / Cancel PARTY BUNTING,-2,2011-05-06 08:22:00,4.95,10042,United Kingdom,customer_10042@example.com,
540650,22720,SET OF 3 CAKE TINS PANTRY DESIGN,5,2011-05-06 09:03:00,5.45,10070,United Kingdom,customer_10070@example.com,
540541,22698,PINK REGENCY TEACUP AND SAUCER,4,2011-05-06 09:12:00,3.25,10048,United Kingdom,customer_10048@example.com,
540022,20727,LUNCH BAG BLACK SKULL.,7,2011-05-06 09:48:00,1.57,10002,United Kingdom,customer_10002@example.com,15
540548,22197,POPCORN HOLDER,3,2011-05-06 10:07:00,0.89,10049,United Kingdom,customer_10049@example.com,2
540548,22178,VICTORIAN GLASS HANGING T-LIGHT,9,2011-05-06 10:07:00,1.25,10049,United Kingdom,customer_10049@example.com,-4
540066,21754,HOME BUILDING BLOCK WORD,27,2011-05-06 14:33:00,5.95,10004,United Kingdom,customer_10004@example.com,
540066,84077,WORLD WAR 2 GLIDERS ASSTD DESIGNS,29,2011-05-06 14:33:00,0.32,10004,United Kingdom,customer_10004@example.com,
540066,47566,PARTY BUNTING,31,2011-05-06 14:33:00,4.7,10004,United Kingdom,customer_10004@example.com,
540066,21733,RED HANGING HEART T-LIGHT HOLDER,15,2011-05-06 14:33:00,2.66,10004,United Kingdom,customer_10004@example.com,90
540066,20728,LUNCH BAG CARS BLUE,35,2011-05-06 14:33:00,1.48,10004,United Kingdom,customer_10004@example.com,15
540264,22960,JAM MAKING SET WITH JARS,11,2011-05-07 10:21:00,4.68,10014,United Kingdom,customer_10014@example.com,15
540264,22722,SET OF 6 SPICE TINS PANTRY DESIGN,10,2011-05-07 10:21:00,3.75,10014,United Kingdom,customer_10014@example.com,45
540642,21034,REX CASH+CARRY JUMBO SHOPPER,6,2011-05-07 10:41:00,1.04,10069,Germany,customer_10069@example.com,
540642,22138,BAKING SET 9 PIECE RETROSPOT,7,2011-05-07 10:41:00,4.95,10069,Germany,customer_10069@example.com,90
540205,22699,ROSES REGENCY TEACUP AND SAUCER,21,2011-05-07 14:54:00,2.66,10011,United Kingdom,customer_10011@example.com,
540205,21733,RED HANGING HEART T-LIGHT HOLDER,26,2011-05-07 14:54:00,2.8,10011,United Kingdom,customer_10011@example.com,90
540205,22411,JUMBO SHOPPER VINTAGE RED PAISLEY,45,2011-05-07 14:54:00,2.08,10011,United Kingdom,customer_10011@example.com,
540205,47566,PARTY BUNTING,11,2011-05-07 14:54:00,5.45,10011,United Kingdom,customer_10011@example.com,
540575,20725,LUNCH BAG RED RETROSPOT,5,2011-05-08 11:18:00,1.57,10055,United Kingdom,customer_10055@example.com,90
540459,84879,ASSORTED COLOUR BIRD ORNAMENT,12,2011-05-08 12:56:00,1.69,10034,United Kingdom,customer_10034@example.com,90
540459,20728,LUNCH BAG CARS BLUE,12,2011-05-08 12:56:00,1.57,10034,United Kingdom,customer_10034@example.com,15
540011,22383,LUNCH BAG SUKI DESIGN,19,2011-05-08 17:53:00,1.65,10001,United Kingdom,customer_10001@example.com,15
540217,22086,PAPER CHAIN KIT 50'S CHRISTMAS,7,2011-05-09 09:02:00,3.1,10012,United Kingdom,customer_10012@example.com,
540500,22699,ROSES REGENCY TEACUP AND SAUCER,8,2011-05-09 09:48:00,2.8,10041,United Kingdom,customer_10041@example.com,
540012,85099B,JUMBO BAG RED RETROSPOT,48,2011-05-09 14:29:00,2.29,10001,United Kingdom,customer_10001@example.com,
540012,22699,ROSES REGENCY TEACUP AND SAUCER,24,2011-05-09 14:29:00,2.66,10001,United Kingdom,customer_10001@example.com,
540012,22138,BAKING SET 9 PIECE RETROSPOT,27,2011-05-09 14:29:00,5.45,10001,United Kingdom,customer_10001@example.com,90
540012,22666,RECIPE BOX PANTRY DESIGN,16,2011-05-09 14:29:00,3.1,10001,United Kingdom,customer_10001@example.com,
540288,20725,LUNCH BAG RED RETROSPOT,47,2011-05-09 14:35:00,1.65,10015,United Kingdom,customer_10015@example.com,90
540288,84077,WORLD WAR 2 GLIDERS ASSTD DESIGNS,18,2011-05-09 14:35:00,0.29,10015,United Kingdom,customer_10015@example.com,
540288,22699,ROSES REGENCY TEACUP AND SAUCER,23,2011-05-09 14:35:00,2.95,10015,United Kingdom,customer_10015@example.com,
540288,22383,LUNCH BAG SUKI DESIGN,46,2011-05-09 14:35:00,1.65,10015,United Kingdom,customer_10015@example.com,15
540288,22411,JUMBO SHOPPER VINTAGE RED PAISLEY,27,2011-05-09 14:35:00,1.87,10015,United Kingdom,customer_10015@example.com,
540643,22699,ROSES REGENCY TEACUP AND SAUCER,3,2011-05-09 15:16:00,3.25,10069,Germany,customer_10069@example.com,
540643,22666,RECIPE BOX PANTRY DESIGN,11,2011-05-09 15:16:00,2.66,10069,Germany,customer_10069@example.com,
540643,22138,BAKING SET 9 PIECE RETROSPOT,3,2011-05-09 15:16:00,5.45,10069,Germany,customer_10069@example.com,90
540511,21931,JUMBO STORAGE BAG SUKI,1,2011-05-09 17:17:00,1.87,10042,United Kingdom,customer_10042@example.com,
540511,21754,HOME BUILDING BLOCK WORD,6,2011-05-09 17:17:00,6.55,10042,United Kingdom,customer_10042@example.com,
540126,20727,LUNCH BAG BLACK SKULL.,32,2011-05-10 09:31:00,1.73,10007,United Kingdom,customer_10007@example.com,15
540126,22086,PAPER CHAIN KIT 50'S CHRISTMAS,10,2011-05-10 09:31:00,3.1,10007,United Kingdom,customer_10007@example.com,
540126,84077,WORLD WAR 2 GLIDERS ASSTD DESIGNS,16,2011-05-10 09:31:00,0.26,10007,United Kingdom,customer_10007@example.com,
540126,22383,LUNCH BAG SUKI DESIGN,25,2011-05-10 09:31:00,1.73,10007,United Kingdom,customer_10007@example.com,15
540126,21034,REX CASH+CARRY JUMBO SHOPPER,35,2011-05-10 09:31:00,1.0,10007,United Kingdom,customer_10007@example.com,
540601,22423,REGENCY CAKESTAND 3 TIER,6,2011-05-10 11:22:00,12.75,10062,United Kingdom,customer_10062@example.com,
540206,22138,BAKING SET 9 PIECE RETROSPOT,44,2011-05-10 11:23:00,5.2,10011,United Kingdom,customer_10011@example.com,90
540206,22960,JAM MAKING SET WITH JARS,42,2011-05-10 11:23:00,4.04,10011,United Kingdom,customer_10011@example.com,15
540044,22666,RECIPE BOX PANTRY DESIGN,26,2011-05-10 17:34:00,3.1,10003,France,customer_10003@example.com,
540044,84879,ASSORTED COLOUR BIRD ORNAMENT,22,2011-05-10 17:34:00,1.86,10003,France,customer_10003@example.com,90
540044,22411,JUMBO SHOPPER VINTAGE RED PAISLEY,11,2011-05-10 17:34:00,1.87,10003,France,customer_10003@example.com,
540044,22423,REGENCY CAKESTAND 3 TIER,42,2011-05-10 17:34:00,12.11,10003,France,customer_10003@example.com,
540023,20725,LUNCH BAG RED RETROSPOT,16,2011-05-11 12:08:00,1.65,10002,United Kingdom,customer_10002@example.com,90
540023,22699,ROSES REGENCY TEACUP AND SAUCER,22,2011-05-11 12:08:00,3.1,10002,United Kingdom,customer_10002@example.com,
540023,22386,JUMBO BAG PINK POLKADOT,44,2011-05-11 12:08:00,2.29,10002,United Kingdom,customer_10002@example.com,
540023,85099B,JUMBO BAG RED RETROSPOT,16,2011-05-11 12:08:00,1.87,10002,United Kingdom,customer_10002@example.com,
540471,22722,SET OF 6 SPICE TINS PANTRY DESIGN,4,2011-05-11 16:51:00,4.35,10036,United Kingdom,customer_10036@example.com,45
540024,21754,HOME BUILDING BLOCK WORD,42,2011-05-12 10:37:00,5.95,10002,United Kingdom,customer_10002@example.com,
540265,22961,JAM MAKING SET PRINTED,44,2011-05-12 16:45:00,1.38,10014,United Kingdom,customer_10014@example.com,-4
540178,21931,JUMBO STORAGE BAG SUKI,37,2011-05-13 09:05:00,1.87,10010,United Kingdom,customer_10010@example.com,
540178,84077,WORLD WAR 2 GLIDERS ASSTD DESIGNS,47,2011-05-13 09:05:00,0.3,10010,United Kingdom,customer_10010@example.com,
540178,22960,JAM MAKING SET WITH JARS,16,2011-05-13 09:05:00,3.83,10010,United Kingdom,customer_10010@example.com,15
540178,22423,REGENCY CAKESTAND 3 TIER,42,2011-05-13 09:05:00,12.75,10010,United Kingdom,customer_10010@example.com,
540596,22386,JUMBO BAG PINK POLKADOT,12,2011-05-13 09:52:00,2.29,10061,United Kingdom,customer_10061@example.com,
540596,21733,RED HANGING HEART T-LIGHT HOLDER,8,2011-05-13 09:52:00,2.95,10061,United Kingdom,customer_10061@example.com,90
540218,85123A,WHITE HANGING HEART T-LIGHT HOLDER,47,2011-05-13 11:28:00,2.42,10012,United Kingdom,customer_10012@example.com,25
540218,22697,GREEN REGENCY TEACUP AND SAUCER,22,2011-05-13 11:28:00,2.95,10012,United Kingdom,customer_10012@example.com,
540218,22961,JAM MAKING SET PRINTED,16,2011-05-13 11:28:00,1.45,10012,United Kingdom,customer_10012@example.com,-4
540218,85099B,JUMBO BAG RED RETROSPOT,11,2011-05-13 11:28:00,2.08,10012,United Kingdom,customer_10012@example.com,
540013,85099B,JUMBO BAG RED RETROSPOT,45,2011-05-13 12:43:00,2.18,10001,United Kingdom,customer_10001@example.com,
540013,21034,REX CASH+CARRY JUMBO SHOPPER,21,2011-05-13 12:43:00,0.85,10001,United Kingdom,customer_10001@example.com,
540013,20727,LUNCH BAG BLACK SKULL.,7,2011-05-13 12:43:00,1.57,10001,United Kingdom,customer_10001@example.com,15
540440,21212,PACK OF 72 RETROSPOT CAKE CASES,4,2011-05-14 11:01:00,0.55,10031,United Kingdom,customer_10031@example.com,15
540440,22699,ROSES REGENCY TEACUP AND SAUCER,11,2011-05-14 11:01:00,2.95,10031,United Kingdom,customer_10031@example.com,
540141,22197,POPCORN HOLDER,34,2011-05-14 15:52:00,0.85,10008,United Kingdom,customer_10008@example.com,2
540141,21034,REX CASH+CARRY JUMBO SHOPPER,11,2011-05-14 15:52:00,0.95,10008,United Kingdom,customer_10008@example.com,
540141,22178,VICTORIAN GLASS HANGING T-LIGHT,8,2011-05-14 15:52:00,1.25,10008,United Kingdom,customer_10008@example.com,-4
540622,22699,ROSES REGENCY TEACUP AND SAUCER,7,2011-05-15 10:25:00,2.8,10066,United Kingdom,customer_10066@example.com,
540622,22138,BAKING SET 9 PIECE RETROSPOT,2,2011-05-15 10:25:00,4.46,10066,United Kingdom,customer_10066@example.com,90
540088,22423,REGENCY CAKESTAND 3 TIER,33,2011-05-15 14:04:00,14.03,10005,United Kingdom,customer_10005@example.com,
540088,22698,PINK REGENCY TEACUP AND SAUCER,26,2011-05-15 14:04:00,2.66,10005,United Kingdom,customer_10005@example.com,
540088,22961,JAM MAKING SET PRINTED,31,2011-05-15 14:04:00,1.59,10005,United Kingdom,customer_10005@example.com,-4
540088,82482,WOODEN PICTURE FRAME WHITE FINISH,35,2011-05-15 14:04:00,2.29,10005,United Kingdom,customer_10005@example.com,
540501,22699,ROSES REGENCY TEACUP AND SAUCER,7,2011-05-15 15:39:00,2.95,10041,United Kingdom,customer_10041@example.com,
540501,85099B,JUMBO BAG RED RETROSPOT,11,2011-05-15 15:39:00,2.29,10041,United Kingdom,customer_10041@example.com,
540501,22666,RECIPE BOX PANTRY DESIGN,5,2011-05-15 15:39:00,2.95,10041,United Kingdom,customer_10041@example.com,
540623,84879,ASSORTED COLOUR BIRD ORNAMENT,4,2011-05-16 10:47:00,1.69,10066,United Kingdom,customer_10066@example.com,90
540518,22411,JUMBO SHOPPER VINTAGE RED PAISLEY,5,2011-05-16 13:16:00,2.08,10044,United Kingdom,customer_10044@example.com,
540651,22699,ROSES REGENCY TEACUP AND SAUCER,7,2011-05-16 15:57:00,2.66,10070,United Kingdom,customer_10070@example.com,
540651,22722,SET OF 6 SPICE TINS PANTRY DESIGN,4,2011-05-16 15:57:00,3.75,10070,United Kingdom,customer_10070@example.com,45
540142,21931,JUMBO STORAGE BAG SUKI,14,2011-05-16 16:13:00,2.08,10008,United Kingdom,customer_10008@example.com,
540142,21733,RED HANGING HEART T-LIGHT HOLDER,41,2011-05-16 16:13:00,2.95,10008,United Kingdom,customer_10008@example.com,90
540045,22178,VICTORIAN GLASS HANGING T-LIGHT,23,2011-05-17 09:48:00,1.31,10003,France,customer_10003@example.com,-4
540045,22386,JUMBO BAG PINK POLKADOT,36,2011-05-17 09:48:00,1.98,10003,France,customer_10003@example.com,
540045,22423,REGENCY CAKESTAND 3 TIER,47,2011-05-17 09:48:00,14.03,10003,France,customer_10003@example.com,
540615,85123A,WHITE HANGING HEART T-LIGHT HOLDER,5,2011-05-17 10:06:00,2.42,10065,United Kingdom,customer_10065@example.com,25
540615,22178,VICTORIAN GLASS HANGING T-LIGHT,12,2011-05-17 10:06:00,1.19,10065,United Kingdom,customer_10065@example.com,-4
540615,22138,BAKING SET 9 PIECE RETROSPOT,9,2011-05-17 10:06:00,4.7,10065,United Kingdom,customer_10065@example.com,90
540207,22086,PAPER CHAIN KIT 50'S CHRISTMAS,26,2011-05-17 11:31:00,2.8,10011,United Kingdom,customer_10011@example.com,
540207,21931,JUMBO STORAGE BAG SUKI,28,2011-05-17 11:31:00,1.87,10011,United Kingdom,customer_10011@example.com,
540207,47566,PARTY BUNTING,45,2011-05-17 11:31:00,5.2,10011,United Kingdom,customer_10011@example.com,
540207,22697,GREEN REGENCY TEACUP AND SAUCER,37,2011-05-17 11:31:00,2.8,10011,United Kingdom,customer_10011@example.com,
540207,21754,HOME BUILDING BLOCK WORD,14,2011-05-17 11:31:00,5.95,10011,United Kingdom,customer_10011@example.com,
C540616,22178,Manual Return / Cancel VICTORIAN GLASS HANGING T-LIGHT,-2,2011-05-17 15:06:00,1.25,10065,United Kingdom,customer_10065@example.com,
540046,22961,JAM MAKING SET PRINTED,24,2011-05-17 15:40:00,1.52,10003,France,customer_10003@example.com,-4
540046,21212,PACK OF 72 RETROSPOT CAKE CASES,32,2011-05-17 15:40:00,0.55,10003,France,customer_10003@example.com,15
540046,84077,WORLD WAR 2 GLIDERS ASSTD DESIGNS,16,2011-05-17 15:40:00,0.26,10003,France,customer_10003@example.com,
540046,84879,ASSORTED COLOUR BIRD ORNAMENT,26,2011-05-17 15:40:00,1.69,10003,France,customer_10003@example.com,90
540460,21212,PACK OF 72 RETROSPOT CAKE CASES,10,2011-05-18 10:07:00,0.61,10034,United Kingdom,customer_10034@example.com,15
540460,22086,PAPER CHAIN KIT 50'S CHRISTMAS,12,2011-05-18 10:07:00,3.1,10034,United Kingdom,customer_10034@example.com,
540460,22666,RECIPE BOX PANTRY DESIGN,9,2011-05-18 10:07:00,2.66,10034,United Kingdom,customer_10034@example.com,
540219,22698,PINK REGENCY TEACUP AND SAUCER,19,2011-05-18 11:03:00,2.66,10012,United Kingdom,customer_10012@example.com,
540219,22697,GREEN REGENCY TEACUP AND SAUCER,10,2011-05-18 11:03:00,3.1,10012,United Kingdom,customer_10012@example.com,
540219,22383,LUNCH BAG SUKI DESIGN,12,2011-05-18 11:03:00,1.48,10012,United Kingdom,customer_10012@example.com,15
540219,22086,PAPER CHAIN KIT 50'S CHRISTMAS,33,2011-05-18 11:03:00,2.8,10012,United Kingdom,customer_10012@example.com,
540515,22423,REGENCY CAKESTAND 3 TIER,12,2011-05-18 13:18:00,14.03,10043,United Kingdom,customer_10043@example.com,
540243,85099B,JUMBO BAG RED RETROSPOT,28,2011-05-18 13:52:00,1.98,10013,United Kingdom,customer_10013@example.com,
540243,22720,SET OF 3 CAKE TINS PANTRY DESIGN,17,2011-05-18 13:52:00,4.95,10013,United Kingdom,customer_10013@example.com,
540243,82482,WOODEN PICTURE FRAME WHITE FINISH,25,2011-05-18 13:52:00,2.29,10013,United Kingdom,customer_10013@example.com,
540243,21733,RED HANGING HEART T-LIGHT HOLDER,38,2011-05-18 13:52:00,3.1,10013,United Kingdom,customer_10013@example.com,90
540243,22423,REGENCY CAKESTAND 3 TIER,11,2011-05-18 13:52:00,12.11,10013,United Kingdom,customer_10013@example.com,
540583,22666,RECIPE BOX PANTRY DESIGN,9,2011-05-18 14:09:00,2.8,10057,United Kingdom,customer_10057@example.com,
540583,21931,JUMBO STORAGE BAG SUKI,2,2011-05-18 14:09:00,2.08,10057,United Kingdom,customer_10057@example.com,
540025,84879,ASSORTED COLOUR BIRD ORNAMENT,12,2011-05-18 15:25:00,1.61,10002,United Kingdom,customer_10002@example.com,90
540025,22386,JUMBO BAG PINK POLKADOT,44,2011-05-18 15:25:00,2.08,10002,United Kingdom,customer_10002@example.com,
C540244,22423,Manual Return / Cancel REGENCY CAKESTAND 3 TIER,-4,2011-05-19 03:52:00,12.75,10013,United Kingdom,customer_10013@example.com,
540609,82482,WOODEN PICTURE FRAME WHITE FINISH,12,2011-05-19 10:14:00,2.42,10064,United Kingdom,customer_10064@example.com,
540266,22720,SET OF 3 CAKE TINS PANTRY DESIGN,18,2011-05-19 11:03:00,4.7,10014,United Kingdom,customer_10014@example.com,
540634,22178,VICTORIAN GLASS HANGING T-LIGHT,6,2011-05-19 14:51:00,1.25,10068,United Kingdom,customer_10068@example.com,-4
540634,22386,JUMBO BAG PINK POLKADOT,7,2011-05-19 14:51:00,2.08,10068,United Kingdom,customer_10068@example.com,
540634,85123A,WHITE HANGING HEART T-LIGHT HOLDER,7,2011-05-19 14:51:00,2.29,10068,United Kingdom,customer_10068@example.com,25
540568,82482,WOODEN PICTURE FRAME WHITE FINISH,3,2011-05-19 16:49:00,2.68,10053,United Kingdom,customer_10053@example.com,
540245,22197,POPCORN HOLDER,43,2011-05-19 17:47:00,0.77,10013,United Kingdom,customer_10013@example.com,2
540245,21034,REX CASH+CARRY JUMBO SHOPPER,29,2011-05-19 17:47:00,1.0,10013,United Kingdom,customer_10013@example.com,
540245,20725,LUNCH BAG RED RETROSPOT,20,2011-05-19 17:47:00,1.48,10013,United Kingdom,customer_10013@example.com,90
540245,20727,LUNCH BAG BLACK SKULL.,6,2011-05-19 17:47:00,1.48,10013,United Kingdom,customer_10013@example.com,15
540245,22666,RECIPE BOX PANTRY DESIGN,18,2011-05-19 17:47:00,2.8,10013,United Kingdom,customer_10013@example.com,
540127,82482,WOODEN PICTURE FRAME WHITE FINISH,38,2011-05-20 11:20:00,2.55,10007,United Kingdom,customer_10007@example.com,
540127,22698,PINK REGENCY TEACUP AND SAUCER,14,2011-05-20 11:20:00,3.1,10007,United Kingdom,customer_10007@example.com,
540127,21212,PACK OF 72 RETROSPOT CAKE CASES,12,2011-05-20 11:20:00,0.61,10007,United Kingdom,customer_10007@example.com,15
540480,21733,RED HANGING HEART T-LIGHT HOLDER,9,2011-05-20 12:23:00,2.8,10037,EIRE,customer_10037@example.com,90
540480,22383,LUNCH BAG SUKI DESIGN,3,2011-05-20 12:23:00,1.65,10037,EIRE,customer_10037@example.com,15
540067,22666,RECIPE BOX PANTRY DESIGN,12,2011-05-20 15:00:00,2.95,10004,United Kingdom,customer_10004@example.com,
540067,21931,JUMBO STORAGE BAG SUKI,22,2011-05-20 15:00:00,2.08,10004,United Kingdom,customer_10004@example.com,
540067,20725,LUNCH BAG RED RETROSPOT,30,2011-05-20 15:00:00,1.81,10004,United Kingdom,customer_10004@example.com,90
540447,22698,PINK REGENCY TEACUP AND SAUCER,2,2011-05-20 15:26:00,2.8,10032,United Kingdom,customer_10032@example.com,
540447,22666,RECIPE BOX PANTRY DESIGN,3,2011-05-20 15:26:00,2.95,10032,United Kingdom,customer_10032@example.com,
540026,84879,ASSORTED COLOUR BIRD ORNAMENT,46,2011-05-21 09:22:00,1.69,10002,United Kingdom,customer_10002@example.com,90
540026,22961,JAM MAKING SET PRINTED,6,2011-05-21 09:22:00,1.45,10002,United Kingdom,customer_10002@example.com,-4
540026,22699,ROSES REGENCY TEACUP AND SAUCER,37,2011-05-21 09:22:00,3.1,10002,United Kingdom,customer_10002@example.com,
540026,21212,PACK OF 72 RETROSPOT CAKE CASES,33,2011-05-21 09:22:00,0.5,10002,United Kingdom,customer_10002@example.com,15
540026,22138,BAKING SET 9 PIECE RETROSPOT,15,2011-05-21 09:22:00,5.2,10002,United Kingdom,customer_10002@example.com,90
540597,22197,POPCORN HOLDER,5,2011-05-21 09:50:00,0.85,10061,United Kingdom,customer_10061@example.com,2
540179,22423,REGENCY CAKESTAND 3 TIER,8,2011-05-21 10:57:00,12.75,10010,United Kingdom,customer_10010@example.com,
540179,21754,HOME BUILDING BLOCK WORD,36,2011-05-21 10:57:00,6.55,10010,United Kingdom,customer_10010@example.com,
540179,85099B,JUMBO BAG RED RETROSPOT,42,2011-05-21 10:57:00,2.29,10010,United Kingdom,customer_10010@example.com,
540179,22722,SET OF 6 SPICE TINS PANTRY DESIGN,17,2011-05-21 10:57:00,3.56,10010,United Kingdom,customer_10010@example.com,45
540179,20727,LUNCH BAG BLACK SKULL.,23,2011-05-21 10:57:00,1.48,10010,United Kingdom,customer_10010@example.com,15
540048,22086,PAPER CHAIN KIT 50'S CHRISTMAS,23,2011-05-21 14:39:00,2.8,10003,France,customer_10003@example.com,
540048,22178,VICTORIAN GLASS HANGING T-LIGHT,34,2011-05-21 14:39:00,1.25,10003,France,customer_10003@example.com,-4
540048,22423,REGENCY CAKESTAND 3 TIER,13,2011-05-21 14:39:00,13.39,10003,France,customer_10003@example.com,
540048,22666,RECIPE BOX PANTRY DESIGN,14,2011-05-21 14:39:00,3.25,10003,France,customer_10003@example.com,
540047,22423,REGENCY CAKESTAND 3 TIER,13,2011-05-21 15:52:00,12.75,10003,France,customer_10003@example.com,
540047,22666,RECIPE BOX PANTRY DESIGN,38,2011-05-21 15:52:00,3.1,10003,France,customer_10003@example.com,
540047,84879,ASSORTED COLOUR BIRD ORNAMENT,48,2011-05-21 15:52:00,1.52,10003,France,customer_10003@example.com,90
540047,22720,SET OF 3 CAKE TINS PANTRY DESIGN,35,2011-05-21 15:52:00,5.45,10003,France,customer_10003@example.com,
540047,20728,LUNCH BAG CARS BLUE,9,2011-05-21 15:52:00,1.73,10003,France,customer_10003@example.com,15
540494,22697,GREEN REGENCY TEACUP AND SAUCER,11,2011-05-21 17:06:00,3.25,10040,United Kingdom,customer_10040@example.com,
540494,21733,RED HANGING HEART T-LIGHT HOLDER,6,2011-05-21 17:06:00,2.66,10040,United Kingdom,customer_10040@example.com,90
C540049,22086,Manual Return / Cancel PAPER CHAIN KIT 50'S CHRISTMAS,-2,2011-05-22 12:39:00,2.95,10003,France,customer_10003@example.com,
540472,85123A,WHITE HANGING HEART T-LIGHT HOLDER,11,2011-05-23 12:00:00,2.68,10036,United Kingdom,customer_10036@example.com,25
540144,20725,LUNCH BAG RED RETROSPOT,36,2011-05-24 09:06:00,1.73,10008,United Kingdom,customer_10008@example.com,90
540144,84077,WORLD WAR 2 GLIDERS ASSTD DESIGNS,47,2011-05-24 09:06:00,0.3,10008,United Kingdom,customer_10008@example.com,
540144,22720,SET OF 3 CAKE TINS PANTRY DESIGN,6,2011-05-24 09:06:00,4.7,10008,United Kingdom,customer_10008@example.com,
540144,22697,GREEN REGENCY TEACUP AND SAUCER,16,2011-05-24 09:06:00,3.25,10008,United Kingdom,customer_10008@example.com,
540143,22699,ROSES REGENCY TEACUP AND SAUCER,20,2011-05-24 12:15:00,3.25,10008,United Kingdom,customer_10008@example.com,
540145,22086,PAPER CHAIN KIT 50'S CHRISTMAS,47,2011-05-24 13:20:00,2.66,10008,United Kingdom,customer_10008@example.com,
540145,21754,HOME BUILDING BLOCK WORD,8,2011-05-24 13:20:00,6.55,10008,United Kingdom,customer_10008@example.com,
540145,22423,REGENCY CAKESTAND 3 TIER,20,2011-05-24 13:20:00,14.03,10008,United Kingdom,customer_10008@example.com,
540495,22960,JAM MAKING SET WITH JARS,4,2011-05-24 13:34:00,4.46,10040,United Kingdom,customer_10040@example.com,15
540495,22386,JUMBO BAG PINK POLKADOT,4,2011-05-24 13:34:00,2.29,10040,United Kingdom,customer_10040@example.com,
540602,22138,BAKING SET 9 PIECE RETROSPOT,11,2011-05-24 14:03:00,4.7,10062,United Kingdom,customer_10062@example.com,90
540602,22383,LUNCH BAG SUKI DESIGN,9,2011-05-24 14:03:00,1.48,10062,United Kingdom,customer_10062@example.com,15
540571,21212,PACK OF 72 RETROSPOT CAKE CASES,9,2011-05-24 14:29:00,0.5,10054,United Kingdom,customer_10054@example.com,15
540571,22423,REGENCY CAKESTAND 3 TIER,12,2011-05-24 14:29:00,14.03,10054,United Kingdom,customer_10054@example.com,
540571,47566,PARTY BUNTING,3,2011-05-24 14:29:00,4.7,10054,United Kingdom,customer_10054@example.com,
540496,22720,SET OF 3 CAKE TINS PANTRY DESIGN,12,2011-05-24 16:24:00,4.7,10040,United Kingdom,customer_10040@example.com,
540108,21931,JUMBO STORAGE BAG SUKI,36,2011-05-25 10:33:00,2.18,10006,United Kingdom,customer_10006@example.com,
540108,22138,BAKING SET 9 PIECE RETROSPOT,7,2011-05-25 10:33:00,5.45,10006,United Kingdom,customer_10006@example.com,90
540108,84879,ASSORTED COLOUR BIRD ORNAMENT,38,2011-05-25 10:33:00,1.86,10006,United Kingdom,customer_10006@example.com,90
540290,22086,PAPER CHAIN KIT 50'S CHRISTMAS,24,2011-05-25 11:46:00,3.1,10015,United Kingdom,customer_10015@example.com,
540289,21034,REX CASH+CARRY JUMBO SHOPPER,31,2011-05-25 12:57:00,1.04,10015,United Kingdom,customer_10015@example.com,
540109,21212,PACK OF 72 RETROSPOT CAKE CASES,43,2011-05-25 15:23:00,0.5,10006,United Kingdom,customer_10006@example.com,15
540109,85123A,WHITE HANGING HEART T-LIGHT HOLDER,48,2011-05-25 15:23:00,2.42,10006,United Kingdom,customer_10006@example.com,25
540109,22698,PINK REGENCY TEACUP AND SAUCER,28,2011-05-25 15:23:00,2.66,10006,United Kingdom,customer_10006@example.com,
540267,22699,ROSES REGENCY TEACUP AND SAUCER,41,2011-05-25 17:46:00,3.25,10014,United Kingdom,customer_10014@example.com,
540267,20727,LUNCH BAG BLACK SKULL.,29,2011-05-25 17:46:00,1.48,10014,United Kingdom,customer_10014@example.com,15
540267,20725,LUNCH BAG RED RETROSPOT,33,2011-05-25 17:46:00,1.48,10014,United Kingdom,customer_10014@example.com,90
540267,20728,LUNCH BAG CARS BLUE,31,2011-05-25 17:46:00,1.48,10014,United Kingdom,customer_10014@example.com,15
540267,22383,LUNCH BAG SUKI DESIGN,15,2011-05-25 17:46:00,1.73,10014,United Kingdom,customer_10014@example.com,15
540146,22423,REGENCY CAKESTAND 3 TIER,24,2011-05-26 11:26:00,12.11,10008,United Kingdom,customer_10008@example.com,
540146,21754,HOME BUILDING BLOCK WORD,37,2011-05-26 11:26:00,6.25,10008,United Kingdom,customer_10008@example.com,
540027,21754,HOME BUILDING BLOCK WORD,23,2011-05-26 17:41:00,6.55,10002,United Kingdom,customer_10002@example.com,
540027,22411,JUMBO SHOPPER VINTAGE RED PAISLEY,36,2011-05-26 17:41:00,2.29,10002,United Kingdom,customer_10002@example.com,
540027,21034,REX CASH+CARRY JUMBO SHOPPER,33,2011-05-26 17:41:00,1.0,10002,United Kingdom,customer_10002@example.com,
540528,20725,LUNCH BAG RED RETROSPOT,11,2011-05-27 10:00:00,1.48,10046,United Kingdom,customer_10046@example.com,90
540528,22138,BAKING SET 9 PIECE RETROSPOT,6,2011-05-27 10:00:00,5.2,10046,United Kingdom,customer_10046@example.com,90
540246,85099B,JUMBO BAG RED RETROSPOT,14,2011-05-27 10:01:00,2.18,10013,United Kingdom,customer_10013@example.com,
540220,21733,RED HANGING HEART T-LIGHT HOLDER,11,2011-05-27 12:33:00,3.1,10012,United Kingdom,customer_10012@example.com,90
540220,22720,SET OF 3 CAKE TINS PANTRY DESIGN,20,2011-05-27 12:33:00,4.46,10012,United Kingdom,customer_10012@example.com,
540220,22697,GREEN REGENCY TEACUP AND SAUCER,36,2011-05-27 12:33:00,2.8,10012,United Kingdom,customer_10012@example.com,
540220,85123A,WHITE HANGING HEART T-LIGHT HOLDER,33,2011-05-27 12:33:00,2.29,10012,United Kingdom,customer_10012@example.com,25
540247,22666,RECIPE BOX PANTRY DESIGN,16,2011-05-27 14:07:00,2.66,10013,United Kingdom,customer_10013@example.com,
540208,22960,JAM MAKING SET WITH JARS,32,2011-05-27 16:08:00,4.46,10011,United Kingdom,customer_10011@example.com,15
540208,21733,RED HANGING HEART T-LIGHT HOLDER,38,2011-05-27 16:08:00,3.25,10011,United Kingdom,customer_10011@example.com,90
540452,84077,WORLD WAR 2 GLIDERS ASSTD DESIGNS,4,2011-05-27 16:55:00,0.3,10033,United Kingdom,customer_10033@example.com,
540452,22697,GREEN REGENCY TEACUP AND SAUCER,7,2011-05-27 16:55:00,3.1,10033,United Kingdom,customer_10033@example.com,
540452,22720,SET OF 3 CAKE TINS PANTRY DESIGN,10,2011-05-27 16:55:00,4.46,10033,United Kingdom,customer_10033@example.com,
540147,20725,LUNCH BAG RED RETROSPOT,39,2011-05-28 09:19:00,1.81,10008,United Kingdom,customer_10008@example.com,90
540147,22411,JUMBO SHOPPER VINTAGE RED PAISLEY,47,2011-05-28 09:19:00,2.18,10008,United Kingdom,customer_10008@example.com,
540147,22720,SET OF 3 CAKE TINS PANTRY DESIGN,35,2011-05-28 09:19:00,5.45,10008,United Kingdom,customer_10008@example.com,
540147,22383,LUNCH BAG SUKI DESIGN,18,2011-05-28 09:19:00,1.65,10008,United Kingdom,customer_10008@example.com,15
540147,21754,HOME BUILDING BLOCK WORD,14,2011-05-28 09:19:00,6.25,10008,United Kingdom,customer_10008@example.com,
540629,82482,WOODEN PICTURE FRAME WHITE FINISH,1,2011-05-28 10:24:00,2.68,10067,United Kingdom,customer_10067@example.com,
540629,22720,SET OF 3 CAKE TINS PANTRY DESIGN,8,2011-05-28 10:24:00,5.2,10067,United Kingdom,customer_10067@example.com,
540584,22178,VICTORIAN GLASS HANGING T-LIGHT,6,2011-05-28 15:59:00,1.31,10057,United Kingdom,customer_10057@example.com,-4
540584,22197,POPCORN HOLDER,1,2011-05-28 15:59:00,0.81,10057,United Kingdom,customer_10057@example.com,2
540128,20727,LUNCH BAG BLACK SKULL.,30,2011-05-28 16:07:00,1.65,10007,United Kingdom,customer_10007@example.com,15
540128,22666,RECIPE BOX PANTRY DESIGN,9,2011-05-28 16:07:00,2.66,10007,United Kingdom,customer_10007@example.com,
540128,22197,POPCORN HOLDER,32,2011-05-28 16:07:00,0.94,10007,United Kingdom,customer_10007@example.com,2
540490,22383,LUNCH BAG SUKI DESIGN,12,2011-05-28 16:39:00,1.57,10039,Germany,customer_10039@example.com,15
540490,22720,SET OF 3 CAKE TINS PANTRY DESIGN,2,2011-05-28 16:39:00,5.45,10039,Germany,customer_10039@example.com,
C540630,22720,Manual Return / Cancel SET OF 3 CAKE TINS PANTRY DESIGN,-3,2011-05-29 05:24:00,4.95,10067,United Kingdom,customer_10067@example.com,
540603,21931,JUMBO STORAGE BAG SUKI,6,2011-05-29 10:38:00,2.08,10062,United Kingdom,customer_10062@example.com,
540180,22386,JUMBO BAG PINK POLKADOT,10,2011-05-29 14:01:00,2.18,10010,United Kingdom,customer_10010@example.com,
540180,22197,POPCORN HOLDER,16,2011-05-29 14:01:00,0.85,10010,United Kingdom,customer_10010@example.com,2
540181,22720,SET OF 3 CAKE TINS PANTRY DESIGN,38,2011-05-29 15:43:00,4.46,10010,United Kingdom,customer_10010@example.com,
540181,22960,JAM MAKING SET WITH JARS,9,2011-05-29 15:43:00,4.25,10010,United Kingdom,customer_10010@example.com,15
540181,22197,POPCORN HOLDER,44,2011-05-29 15:43:00,0.85,10010,United Kingdom,customer_10010@example.com,2
540181,22698,PINK REGENCY TEACUP AND SAUCER,10,2011-05-29 15:43:00,2.8,10010,United Kingdom,customer_10010@example.com,
540181,22178,VICTORIAN GLASS HANGING T-LIGHT,33,2011-05-29 15:43:00,1.12,10010,United Kingdom,customer_10010@example.com,-4
540579,22383,LUNCH BAG SUKI DESIGN,5,2011-05-29 17:53:00,1.57,10056,United Kingdom,customer_10056@example.com,15
540579,22386,JUMBO BAG PINK POLKADOT,8,2011-05-29 17:53:00,1.98,10056,United Kingdom,customer_10056@example.com,
540579,22666,RECIPE BOX PANTRY DESIGN,5,2011-05-29 17:53:00,2.8,10056,United Kingdom,customer_10056@example.com,
540028,20728,LUNCH BAG CARS BLUE,21,2011-05-30 12:53:00,1.73,10002,United Kingdom,customer_10002@example.com,15
540110,21212,PACK OF 72 RETROSPOT CAKE CASES,27,2011-05-30 14:08:00,0.61,10006,United Kingdom,customer_10006@example.com,15
540209,84077,WORLD WAR 2 GLIDERS ASSTD DESIGNS,20,2011-05-30 15:45:00,0.26,10011,United Kingdom,customer_10011@example.com,
540209,47566,PARTY BUNTING,8,2011-05-30 15:45:00,4.95,10011,United Kingdom,customer_10011@example.com,
540209,84879,ASSORTED COLOUR BIRD ORNAMENT,20,2011-05-30 15:45:00,1.69,10011,United Kingdom,customer_10011@example.com,90
540209,22386,JUMBO BAG PINK POLKADOT,24,2011-05-30 15:45:00,2.29,10011,United Kingdom,customer_10011@example.com,
540162,22960,JAM MAKING SET WITH JARS,20,2011-05-31 09:15:00,4.46,10009,United Kingdom,customer_10009@example.com,15
540221,22722,SET OF 6 SPICE TINS PANTRY DESIGN,47,2011-05-31 10:06:00,3.75,10012,United Kingdom,customer_10012@example.com,45
540221,22383,LUNCH BAG SUKI DESIGN,10,2011-05-31 10:06:00,1.57,10012,United Kingdom,customer_10012@example.com,15
540221,21212,PACK OF 72 RETROSPOT CAKE CASES,30,2011-05-31 10:06:00,0.52,10012,United Kingdom,customer_10012@example.com,15
540050,20727,LUNCH BAG BLACK SKULL.,32,2011-05-31 11:19:00,1.65,10003,France,customer_10003@example.com,15
540050,84879,ASSORTED COLOUR BIRD ORNAMENT,38,2011-05-31 11:19:00,1.69,10003,France,customer_10003@example.com,90
540050,22961,JAM MAKING SET PRINTED,37,2011-05-31 11:19:00,1.38,10003,France,customer_10003@example.com,-4
540050,21931,JUMBO STORAGE BAG SUKI,47,2011-05-31 11:19:00,1.87,10003,France,customer_10003@example.com,
540050,85123A,WHITE HANGING HEART T-LIGHT HOLDER,35,2011-05-31 11:19:00,2.29,10003,France,customer_10003@example.com,25
540291,22423,REGENCY CAKESTAND 3 TIER,20,2011-06-02 15:25:00,12.75,10015,United Kingdom,customer_10015@example.com,
540291,22386,JUMBO BAG PINK POLKADOT,46,2011-06-02 15:25:00,2.29,10015,United Kingdom,customer_10015@example.com,
540291,22697,GREEN REGENCY TEACUP AND SAUCER,48,2011-06-02 15:25:00,3.1,10015,United Kingdom,customer_10015@example.com,
540291,22698,PINK REGENCY TEACUP AND SAUCER,18,2011-06-02 15:25:00,3.25,10015,United Kingdom,customer_10015@example.com,
540163,22698,PINK REGENCY TEACUP AND SAUCER,20,2011-06-03 09:08:00,3.25,10009,United Kingdom,customer_10009@example.com,
540163,21754,HOME BUILDING BLOCK WORD,15,2011-06-03 09:08:00,5.95,10009,United Kingdom,customer_10009@example.com,
540163,21733,RED HANGING HEART T-LIGHT HOLDER,21,2011-06-03 09:08:00,2.95,10009,United Kingdom,customer_10009@example.com,90
540163,22383,LUNCH BAG SUKI DESIGN,26,2011-06-03 09:08:00,1.81,10009,United Kingdom,customer_10009@example.com,15
540163,20727,LUNCH BAG BLACK SKULL.,44,2011-06-03 09:08:00,1.81,10009,United Kingdom,customer_10009@example.com,15
540473,22423,REGENCY CAKESTAND 3 TIER,1,2011-06-03 12:51:00,12.11,10036,United Kingdom,customer_10036@example.com,
540473,22720,SET OF 3 CAKE TINS PANTRY DESIGN,12,2011-06-03 12:51:00,4.7,10036,United Kingdom,customer_10036@example.com,
540473,22961,JAM MAKING SET PRINTED,9,2011-06-03 12:51:00,1.45,10036,United Kingdom,customer_10036@example.com,-4
540292,22699,ROSES REGENCY TEACUP AND SAUCER,12,2011-06-03 13:54:00,2.95,10015,United Kingdom,customer_10015@example.com,
540292,21733,RED HANGING HEART T-LIGHT HOLDER,17,2011-06-03 13:54:00,3.25,10015,United Kingdom,customer_10015@example.com,90
540624,21733,RED HANGING HEART T-LIGHT HOLDER,12,2011-06-03 15:07:00,3.1,10066,United Kingdom,customer_10066@example.com,90
540453,22411,JUMBO SHOPPER VINTAGE RED PAISLEY,9,2011-06-04 15:46:00,2.29,10033,United Kingdom,customer_10033@example.com,
540453,22960,JAM MAKING SET WITH JARS,10,2011-06-04 15:46:00,4.68,10033,United Kingdom,customer_10033@example.com,15
540551,22178,VICTORIAN GLASS HANGING T-LIGHT,11,2011-06-05 13:26:00,1.19,10050,United Kingdom,customer_10050@example.com,-4
540551,21034,REX CASH+CARRY JUMBO SHOPPER,4,2011-06-05 13:26:00,0.9,10050,United Kingdom,customer_10050@example.com,
540551,84077,WORLD WAR 2 GLIDERS ASSTD DESIGNS,9,2011-06-05 13:26:00,0.29,10050,United Kingdom,customer_10050@example.com,
540051,21931,JUMBO STORAGE BAG SUKI,38,2011-06-05 16:15:00,2.29,10003,France,customer_10003@example.com,
540051,85099B,JUMBO BAG RED RETROSPOT,38,2011-06-05 16:15:00,2.08,10003,France,customer_10003@example.com,
540051,22960,JAM MAKING SET WITH JARS,32,2011-06-05 16:15:00,4.25,10003,France,customer_10003@example.com,15
540051,22197,POPCORN HOLDER,10,2011-06-05 16:15:00,0.81,10003,France,customer_10003@example.com,2
540052,21733,RED HANGING HEART T-LIGHT HOLDER,15,2011-06-06 09:18:00,3.1,10003,France,customer_10003@example.com,90
540052,22386,JUMBO BAG PINK POLKADOT,40,2011-06-06 09:18:00,2.18,10003,France,customer_10003@example.com,
540052,22699,ROSES REGENCY TEACUP AND SAUCER,28,2011-06-06 09:18:00,3.1,10003,France,customer_10003@example.com,
540542,22383,LUNCH BAG SUKI DESIGN,1,2011-06-06 10:50:00,1.48,10048,United Kingdom,customer_10048@example.com,15
540542,84077,WORLD WAR 2 GLIDERS ASSTD DESIGNS,1,2011-06-06 10:50:00,0.29,10048,United Kingdom,customer_10048@example.com,
540542,22086,PAPER CHAIN KIT 50'S CHRISTMAS,8,2011-06-06 10:50:00,3.25,10048,United Kingdom,customer_10048@example.com,
540293,22722,SET OF 6 SPICE TINS PANTRY DESIGN,29,2011-06-06 13:46:00,3.95,10015,United Kingdom,customer_10015@example.com,45
540293,22178,VICTORIAN GLASS HANGING T-LIGHT,47,2011-06-06 13:46:00,1.25,10015,United Kingdom,customer_10015@example.com,-4
540293,21754,HOME BUILDING BLOCK WORD,20,2011-06-06 13:46:00,5.36,10015,United Kingdom,customer_10015@example.com,
540293,47566,PARTY BUNTING,20,2011-06-06 13:46:00,4.95,10015,United Kingdom,customer_10015@example.com,
540293,22699,ROSES REGENCY TEACUP AND SAUCER,32,2011-06-06 13:46:00,2.95,10015,United Kingdom,customer_10015@example.com,
540029,84077,WORLD WAR 2 GLIDERS ASSTD DESIGNS,17,2011-06-06 15:21:00,0.29,10002,United Kingdom,customer_10002@example.com,
540089,22960,JAM MAKING SET WITH JARS,26,2011-06-07 15:18:00,3.83,10005,United Kingdom,customer_10005@example.com,15
540182,22086,PAPER CHAIN KIT 50'S CHRISTMAS,28,2011-06-07 15:49:00,2.8,10010,United Kingdom,customer_10010@example.com,
540182,20728,LUNCH BAG CARS BLUE,30,2011-06-07 15:49:00,1.81,10010,United Kingdom,customer_10010@example.com,15
540182,85123A,WHITE HANGING HEART T-LIGHT HOLDER,37,2011-06-07 15:49:00,2.68,10010,United Kingdom,customer_10010@example.com,25
540053,82482,WOODEN PICTURE FRAME WHITE FINISH,8,2011-06-07 17:24:00,2.68,10003,France,customer_10003@example.com,
540053,85099B,JUMBO BAG RED RETROSPOT,36,2011-06-07 17:24:00,2.08,10003,France,customer_10003@example.com,
540053,22720,SET OF 3 CAKE TINS PANTRY DESIGN,20,2011-06-07 17:24:00,5.2,10003,France,customer_10003@example.com,
540053,21754,HOME BUILDING BLOCK WORD,42,2011-06-07 17:24:00,5.65,10003,France,customer_10003@example.com,
540222,21212,PACK OF 72 RETROSPOT CAKE CASES,32,2011-06-08 09:39:00,0.52,10012,United Kingdom,customer_10012@example.com,15
540222,22666,RECIPE BOX PANTRY DESIGN,46,2011-06-08 09:39:00,2.8,10012,United Kingdom,customer_10012@example.com,
540519,22411,JUMBO SHOPPER VINTAGE RED PAISLEY,10,2011-06-08 09:47:00,1.98,10044,United Kingdom,customer_10044@example.com,
540224,21034,REX CASH+CARRY JUMBO SHOPPER,47,2011-06-09 14:27:00,0.95,10012,United Kingdom,customer_10012@example.com,
540224,22197,POPCORN HOLDER,21,2011-06-09 14:27:00,0.77,10012,United Kingdom,customer_10012@example.com,2
540224,20727,LUNCH BAG BLACK SKULL.,44,2011-06-09 14:27:00,1.81,10012,United Kingdom,customer_10012@example.com,15
540248,22699,ROSES REGENCY TEACUP AND SAUCER,34,2011-06-09 15:52:00,2.95,10013,United Kingdom,customer_10013@example.com,
540248,22960,JAM MAKING SET WITH JARS,23,2011-06-09 15:52:00,4.04,10013,United Kingdom,customer_10013@example.com,15
540248,85123A,WHITE HANGING HEART T-LIGHT HOLDER,19,2011-06-09 15:52:00,2.55,10013,United Kingdom,customer_10013@example.com,25
540248,84077,WORLD WAR 2 GLIDERS ASSTD DESIGNS,17,2011-06-09 15:52:00,0.3,10013,United Kingdom,customer_10013@example.com,
540223,22722,SET OF 6 SPICE TINS PANTRY DESIGN,43,2011-06-09 16:55:00,3.56,10012,United Kingdom,customer_10012@example.com,45
540223,84879,ASSORTED COLOUR BIRD ORNAMENT,14,2011-06-09 16:55:00,1.52,10012,United Kingdom,customer_10012@example.com,90
540014,22722,SET OF 6 SPICE TINS PANTRY DESIGN,37,2011-06-10 10:29:00,4.15,10001,United Kingdom,customer_10001@example.com,45
540014,22386,JUMBO BAG PINK POLKADOT,47,2011-06-10 10:29:00,1.98,10001,United Kingdom,customer_10001@example.com,
540014,22086,PAPER CHAIN KIT 50'S CHRISTMAS,21,2011-06-10 10:29:00,3.1,10001,United Kingdom,customer_10001@example.com,
540014,85099B,JUMBO BAG RED RETROSPOT,12,2011-06-10 10:29:00,1.87,10001,United Kingdom,customer_10001@example.com,
540294,84077,WORLD WAR 2 GLIDERS ASSTD DESIGNS,46,2011-06-10 13:29:00,0.26,10015,United Kingdom,customer_10015@example.com,
540225,82482,WOODEN PICTURE FRAME WHITE FINISH,19,2011-06-10 13:49:00,2.55,10012,United Kingdom,customer_10012@example.com,
540269,22383,LUNCH BAG SUKI DESIGN,36,2011-06-11 10:30:00,1.73,10014,United Kingdom,customer_10014@example.com,15
540295,22138,BAKING SET 9 PIECE RETROSPOT,39,2011-06-11 10:30:00,5.2,10015,United Kingdom,customer_10015@example.com,90
540295,20725,LUNCH BAG RED RETROSPOT,32,2011-06-11 10:30:00,1.65,10015,United Kingdom,customer_10015@example.com,90
540296,22961,JAM MAKING SET PRINTED,26,2011-06-11 11:08:00,1.38,10015,United Kingdom,customer_10015@example.com,-4
540296,22720,SET OF 3 CAKE TINS PANTRY DESIGN,35,2011-06-11 11:08:00,5.45,10015,United Kingdom,customer_10015@example.com,
540268,85123A,WHITE HANGING HEART T-LIGHT HOLDER,16,2011-06-11 16:12:00,2.42,10014,United Kingdom,customer_10014@example.com,25
540589,84077,WORLD WAR 2 GLIDERS ASSTD DESIGNS,9,2011-06-12 10:32:00,0.32,10059,United Kingdom,customer_10059@example.com,
540589,85099B,JUMBO BAG RED RETROSPOT,10,2011-06-12 10:32:00,2.08,10059,United Kingdom,customer_10059@example.com,
540015,22666,RECIPE BOX PANTRY DESIGN,35,2011-06-12 12:11:00,2.66,10001,United Kingdom,customer_10001@example.com,
540015,22423,REGENCY CAKESTAND 3 TIER,35,2011-06-12 12:11:00,12.11,10001,United Kingdom,customer_10001@example.com,
540015,21931,JUMBO STORAGE BAG SUKI,41,2011-06-12 12:11:00,2.29,10001,United Kingdom,customer_10001@example.com,
540015,20727,LUNCH BAG BLACK SKULL.,26,2011-06-12 12:11:00,1.81,10001,United Kingdom,customer_10001@example.com,15
540015,21754,HOME BUILDING BLOCK WORD,45,2011-06-12 12:11:00,6.25,10001,United Kingdom,customer_10001@example.com,
540270,22960,JAM MAKING SET WITH JARS,22,2011-06-12 13:05:00,3.83,10014,United Kingdom,customer_10014@example.com,15
540270,47566,PARTY BUNTING,35,2011-06-12 13:05:00,5.2,10014,United Kingdom,customer_10014@example.com,
540270,22666,RECIPE BOX PANTRY DESIGN,15,2011-06-12 13:05:00,2.66,10014,United Kingdom,customer_10014@example.com,
540270,22722,SET OF 6 SPICE TINS PANTRY DESIGN,42,2011-06-12 13:05:00,3.95,10014,United Kingdom,customer_10014@example.com,45
540270,21212,PACK OF 72 RETROSPOT CAKE CASES,20,2011-06-12 13:05:00,0.55,10014,United Kingdom,customer_10014@example.com,15
540524,22178,VICTORIAN GLASS HANGING T-LIGHT,7,2011-06-12 13:30:00,1.19,10045,United Kingdom,customer_10045@example.com,-4
540524,21754,HOME BUILDING BLOCK WORD,8,2011-06-12 13:30:00,6.25,10045,United Kingdom,customer_10045@example.com,
540524,21931,JUMBO STORAGE BAG SUKI,3,2011-06-12 13:30:00,2.08,10045,United Kingdom,customer_10045@example.com,
540625,22960,JAM MAKING SET WITH JARS,7,2011-06-12 13:48:00,4.68,10066,United Kingdom,customer_10066@example.com,15
540625,21212,PACK OF 72 RETROSPOT CAKE CASES,9,2011-06-12 13:48:00,0.58,10066,United Kingdom,customer_10066@example.com,15
540625,84077,WORLD WAR 2 GLIDERS ASSTD DESIGNS,3,2011-06-12 13:48:00,0.29,10066,United Kingdom,customer_10066@example.com,
540520,20728,LUNCH BAG CARS BLUE,8,2011-06-12 16:23:00,1.57,10044,United Kingdom,customer_10044@example.com,15
540557,22698,PINK REGENCY TEACUP AND SAUCER,10,2011-06-13 10:57:00,3.1,10051,EIRE,customer_10051@example.com,
540148,47566,PARTY BUNTING,46,2011-06-13 14:10:00,5.45,10008,United Kingdom,customer_10008@example.com,
540148,22697,GREEN REGENCY TEACUP AND SAUCER,17,2011-06-13 14:10:00,2.8,10008,United Kingdom,customer_10008@example.com,
540148,20728,LUNCH BAG CARS BLUE,42,2011-06-13 14:10:00,1.65,10008,United Kingdom,customer_10008@example.com,15
540148,22086,PAPER CHAIN KIT 50'S CHRISTMAS,27,2011-06-13 14:10:00,2.66,10008,United Kingdom,customer_10008@example.com,
540054,22423,REGENCY CAKESTAND 3 TIER,27,2011-06-13 15:24:00,14.03,10003,France,customer_10003@example.com,
540054,84077,WORLD WAR 2 GLIDERS ASSTD DESIGNS,38,2011-06-13 15:24:00,0.28,10003,France,customer_10003@example.com,
540068,22722,SET OF 6 SPICE TINS PANTRY DESIGN,47,2011-06-14 16:01:00,3.75,10004,United Kingdom,customer_10004@example.com,45
540068,21931,JUMBO STORAGE BAG SUKI,46,2011-06-14 16:01:00,1.87,10004,United Kingdom,customer_10004@example.com,
540068,21754,HOME BUILDING BLOCK WORD,13,2011-06-14 16:01:00,6.25,10004,United Kingdom,customer_10004@example.com,
540068,22720,SET OF 3 CAKE TINS PANTRY DESIGN,25,2011-06-14 16:01:00,5.2,10004,United Kingdom,customer_10004@example.com,
540068,22411,JUMBO SHOPPER VINTAGE RED PAISLEY,8,2011-06-14 16:01:00,1.98,10004,United Kingdom,customer_10004@example.com,
540226,22383,LUNCH BAG SUKI DESIGN,37,2011-06-14 17:12:00,1.57,10012,United Kingdom,customer_10012@example.com,15
540226,22086,PAPER CHAIN KIT 50'S CHRISTMAS,13,2011-06-14 17:12:00,3.1,10012,United Kingdom,customer_10012@example.com,
540226,22423,REGENCY CAKESTAND 3 TIER,37,2011-06-14 17:12:00,12.11,10012,United Kingdom,customer_10012@example.com,
540226,21034,REX CASH+CARRY JUMBO SHOPPER,10,2011-06-14 17:12:00,1.04,10012,United Kingdom,customer_10012@example.com,
540271,22961,JAM MAKING SET PRINTED,39,2011-06-15 10:05:00,1.52,10014,United Kingdom,customer_10014@example.com,-4
540271,21034,REX CASH+CARRY JUMBO SHOPPER,20,2011-06-15 10:05:00,1.04,10014,United Kingdom,customer_10014@example.com,
540271,21931,JUMBO STORAGE BAG SUKI,9,2011-06-15 10:05:00,2.29,10014,United Kingdom,customer_10014@example.com,
540149,22699,ROSES REGENCY TEACUP AND SAUCER,21,2011-06-15 15:32:00,2.95,10008,United Kingdom,customer_10008@example.com,
540149,84879,ASSORTED COLOUR BIRD ORNAMENT,17,2011-06-15 15:32:00,1.52,10008,United Kingdom,customer_10008@example.com,90
540149,22960,JAM MAKING SET WITH JARS,36,2011-06-15 15:32:00,4.04,10008,United Kingdom,customer_10008@example.com,15
C540150,84879,Manual Return / Cancel ASSORTED COLOUR BIRD ORNAMENT,-2,2011-06-16 05:32:00,1.69,10008,United Kingdom,customer_10008@example.com,
540227,22960,JAM MAKING SET WITH JARS,40,2011-06-16 09:23:00,4.25,10012,United Kingdom,customer_10012@example.com,15
540227,22197,POPCORN HOLDER,32,2011-06-16 09:23:00,0.94,10012,United Kingdom,customer_10012@example.com,2
540227,82482,WOODEN PICTURE FRAME WHITE FINISH,36,2011-06-16 09:23:00,2.42,10012,United Kingdom,customer_10012@example.com,
540183,22383,LUNCH BAG SUKI DESIGN,23,2011-06-16 15:05:00,1.48,10010,United Kingdom,customer_10010@example.com,15
540183,21034,REX CASH+CARRY JUMBO SHOPPER,30,2011-06-16 15:05:00,0.9,10010,United Kingdom,customer_10010@example.com,
540183,20727,LUNCH BAG BLACK SKULL.,30,2011-06-16 15:05:00,1.57,10010,United Kingdom,customer_10010@example.com,15
540183,22697,GREEN REGENCY TEACUP AND SAUCER,29,2011-06-16 15:05:00,2.95,10010,United Kingdom,customer_10010@example.com,
540183,84879,ASSORTED COLOUR BIRD ORNAMENT,11,2011-06-16 15:05:00,1.52,10010,United Kingdom,customer_10010@example.com,90
C540184,22383,Manual Return / Cancel LUNCH BAG SUKI DESIGN,-4,2011-06-17 02:05:00,1.65,10010,United Kingdom,customer_10010@example.com,
540587,22666,RECIPE BOX PANTRY DESIGN,2,2011-06-17 15:39:00,2.95,10058,United Kingdom,customer_10058@example.com,
540448,20728,LUNCH BAG CARS BLUE,4,2011-06-18 09:48:00,1.81,10032,United Kingdom,customer_10032@example.com,15
540448,22386,JUMBO BAG PINK POLKADOT,11,2011-06-18 09:48:00,1.98,10032,United Kingdom,customer_10032@example.com,
540448,22411,JUMBO SHOPPER VINTAGE RED PAISLEY,4,2011-06-18 09:48:00,2.29,10032,United Kingdom,customer_10032@example.com,
C540449,22411,Manual Return / Cancel JUMBO SHOPPER VINTAGE RED PAISLEY,-4,2011-06-18 13:48:00,2.08,10032,United Kingdom,customer_10032@example.com,
540590,22697,GREEN REGENCY TEACUP AND SAUCER,6,2011-06-18 14:25:00,3.1,10059,United Kingdom,customer_10059@example.com,
540272,22386,JUMBO BAG PINK POLKADOT,11,2011-06-18 17:43:00,2.08,10014,United Kingdom,customer_10014@example.com,
540272,22722,SET OF 6 SPICE TINS PANTRY DESIGN,8,2011-06-18 17:43:00,4.15,10014,United Kingdom,customer_10014@example.com,45
540272,20727,LUNCH BAG BLACK SKULL.,42,2011-06-18 17:43:00,1.81,10014,United Kingdom,customer_10014@example.com,15
540272,84077,WORLD WAR 2 GLIDERS ASSTD DESIGNS,42,2011-06-18 17:43:00,0.32,10014,United Kingdom,customer_10014@example.com,
540273,85099B,JUMBO BAG RED RETROSPOT,33,2011-06-19 11:07:00,1.87,10014,United Kingdom,customer_10014@example.com,
540273,47566,PARTY BUNTING,33,2011-06-19 11:07:00,4.46,10014,United Kingdom,customer_10014@example.com,
540273,21034,REX CASH+CARRY JUMBO SHOPPER,46,2011-06-19 11:07:00,0.9,10014,United Kingdom,customer_10014@example.com,
540273,22197,POPCORN HOLDER,44,2011-06-19 11:07:00,0.81,10014,United Kingdom,customer_10014@example.com,2
540497,21931,JUMBO STORAGE BAG SUKI,3,2011-06-19 15:36:00,1.98,10040,United Kingdom,customer_10040@example.com,
540497,22697,GREEN REGENCY TEACUP AND SAUCER,12,2011-06-19 15:36:00,2.66,10040,United Kingdom,customer_10040@example.com,
540185,20725,LUNCH BAG RED RETROSPOT,33,2011-06-20 14:48:00,1.57,10010,United Kingdom,customer_10010@example.com,90
540185,84879,ASSORTED COLOUR BIRD ORNAMENT,38,2011-06-20 14:48:00,1.86,10010,United Kingdom,customer_10010@example.com,90
540185,22197,POPCORN HOLDER,41,2011-06-20 14:48:00,0.89,10010,United Kingdom,customer_10010@example.com,2
540090,84879,ASSORTED COLOUR BIRD ORNAMENT,21,2011-06-20 16:53:00,1.52,10005,United Kingdom,customer_10005@example.com,90
540090,22961,JAM MAKING SET PRINTED,43,2011-06-20 16:53:00,1.52,10005,United Kingdom,customer_10005@example.com,-4
540090,82482,WOODEN PICTURE FRAME WHITE FINISH,39,2011-06-20 16:53:00,2.68,10005,United Kingdom,customer_10005@example.com,
540069,20725,LUNCH BAG RED RETROSPOT,40,2011-06-21 13:31:00,1.57,10004,United Kingdom,customer_10004@example.com,90
540070,22197,POPCORN HOLDER,8,2011-06-22 16:23:00,0.85,10004,United Kingdom,customer_10004@example.com,2
540070,22698,PINK REGENCY TEACUP AND SAUCER,32,2011-06-22 16:23:00,3.25,10004,United Kingdom,customer_10004@example.com,
540070,22722,SET OF 6 SPICE TINS PANTRY DESIGN,19,2011-06-22 16:23:00,3.95,10004,United Kingdom,customer_10004@example.com,45
540070,22961,JAM MAKING SET PRINTED,47,2011-06-22 16:23:00,1.52,10004,United Kingdom,customer_10004@example.com,-4
540070,22386,JUMBO BAG PINK POLKADOT,37,2011-06-22 16:23:00,1.87,10004,United Kingdom,customer_10004@example.com,
540111,22697,GREEN REGENCY TEACUP AND SAUCER,10,2011-06-26 11:53:00,2.8,10006,United Kingdom,customer_10006@example.com,
540111,47566,PARTY BUNTING,18,2011-06-26 11:53:00,4.46,10006,United Kingdom,customer_10006@example.com,
540111,22086,PAPER CHAIN KIT 50'S CHRISTMAS,18,2011-06-26 11:53:00,2.95,10006,United Kingdom,customer_10006@example.com,
540111,84077,WORLD WAR 2 GLIDERS ASSTD DESIGNS,8,2011-06-26 11:53:00,0.3,10006,United Kingdom,customer_10006@example.com,
540030,22722,SET OF 6 SPICE TINS PANTRY DESIGN,18,2011-06-26 14:51:00,4.35,10002,United Kingdom,customer_10002@example.com,45
540030,20728,LUNCH BAG CARS BLUE,6,2011-06-26 14:51:00,1.81,10002,United Kingdom,customer_10002@example.com,15
540030,22720,SET OF 3 CAKE TINS PANTRY DESIGN,23,2011-06-26 14:51:00,5.45,10002,United Kingdom,customer_10002@example.com,
540186,84879,ASSORTED COLOUR BIRD ORNAMENT,6,2011-06-27 09:05:00,1.77,10010,United Kingdom,customer_10010@example.com,90
540186,22411,JUMBO SHOPPER VINTAGE RED PAISLEY,32,2011-06-27 09:05:00,2.08,10010,United Kingdom,customer_10010@example.com,
540186,21931,JUMBO STORAGE BAG SUKI,26,2011-06-27 09:05:00,2.29,10010,United Kingdom,customer_10010@example.com,
